2026-01-01 17:02:46.325 [background-preinit] INFO  o.h.validator.internal.util.Version.<clinit>(Version.java:21) - HV000001: Hibernate Validator 8.0.3.Final
2026-01-01 17:02:46.370 [main] INFO  com.quizz.Application.logStarting(StartupInfoLogger.java:53) - Starting Application using Java 23.0.2 with PID 10384 (C:\Users\athom\IdeaProjects\quizz1\target\classes started by athom in C:\Users\athom\IdeaProjects\quizz1)
2026-01-01 17:02:46.370 [main] INFO  com.quizz.Application.logStartupProfileInfo(SpringApplication.java:652) - No active profile set, falling back to 1 default profile: "default"
2026-01-01 17:02:47.174 [main] INFO  o.s.d.r.c.RepositoryConfigurationDelegate.registerRepositoriesIn(RepositoryConfigurationDelegate.java:145) - Bootstrapping Spring Data JPA repositories in DEFAULT mode.
2026-01-01 17:02:47.324 [main] INFO  o.s.d.r.c.RepositoryConfigurationDelegate.registerRepositoriesIn(RepositoryConfigurationDelegate.java:213) - Finished Spring Data repository scanning in 135 ms. Found 8 JPA repository interfaces.
2026-01-01 17:02:48.533 [main] INFO  o.s.b.w.e.tomcat.TomcatWebServer.initialize(TomcatWebServer.java:111) - Tomcat initialized with port 8443 (https)
2026-01-01 17:02:48.556 [main] INFO  o.a.coyote.http11.Http11NioProtocol.log(DirectJDKLog.java:168) - Initializing ProtocolHandler ["https-jsse-nio-0.0.0.0-8443"]
2026-01-01 17:02:48.557 [main] INFO  o.a.catalina.core.StandardService.log(DirectJDKLog.java:168) - Starting service [Tomcat]
2026-01-01 17:02:48.557 [main] INFO  o.a.catalina.core.StandardEngine.log(DirectJDKLog.java:168) - Starting Servlet engine: [Apache Tomcat/10.1.49]
2026-01-01 17:02:48.661 [main] INFO  o.a.c.c.C.[Tomcat].[localhost].[/].log(DirectJDKLog.java:168) - Initializing Spring embedded WebApplicationContext
2026-01-01 17:02:48.661 [main] INFO  o.s.b.w.s.c.ServletWebServerApplicationContext.prepareWebApplicationContext(ServletWebServerApplicationContext.java:301) - Root WebApplicationContext: initialization completed in 2238 ms
2026-01-01 17:02:48.863 [main] INFO  o.a.c.c.C.[Tomcat].[localhost].[/].log(DirectJDKLog.java:168) - Initializing AtmosphereFramework
2026-01-01 17:02:49.291 [main] INFO  o.h.jpa.internal.util.LogHelper.logPersistenceUnitInformation(LogHelper.java:31) - HHH000204: Processing PersistenceUnitInfo [name: default]
2026-01-01 17:02:49.372 [main] INFO  org.hibernate.Version.logVersion(Version.java:44) - HHH000412: Hibernate ORM core version 6.6.36.Final
2026-01-01 17:02:49.405 [main] INFO  o.h.c.i.RegionFactoryInitiator.initiateService(RegionFactoryInitiator.java:50) - HHH000026: Second-level cache disabled
2026-01-01 17:02:49.704 [main] INFO  o.s.o.j.p.SpringPersistenceUnitInfo.addTransformer(SpringPersistenceUnitInfo.java:87) - No LoadTimeWeaver setup: ignoring JPA class transformer
2026-01-01 17:02:49.733 [main] INFO  com.zaxxer.hikari.HikariDataSource.getConnection(HikariDataSource.java:109) - HikariPool-1 - Starting...
2026-01-01 17:02:50.018 [main] INFO  com.zaxxer.hikari.pool.HikariPool.checkFailFast(HikariPool.java:580) - HikariPool-1 - Added connection conn0: url=jdbc:h2:mem:0b0b516b-7f30-4d03-99f3-fd7b44a566d8 user=SA
2026-01-01 17:02:50.018 [main] INFO  com.zaxxer.hikari.HikariDataSource.getConnection(HikariDataSource.java:122) - HikariPool-1 - Start completed.
2026-01-01 17:02:50.096 [main] INFO  o.hibernate.orm.connections.pooling.logConnectionInfo(JdbcEnvironmentInitiator.java:163) - HHH10001005: Database info:
	Database JDBC URL [Connecting through datasource 'HikariDataSource (HikariPool-1)']
	Database driver: undefined/unknown
	Database version: 2.3.232
	Autocommit mode: undefined/unknown
	Isolation level: undefined/unknown
	Minimum pool size: undefined/unknown
	Maximum pool size: undefined/unknown
2026-01-01 17:02:51.409 [main] INFO  o.h.e.t.j.p.i.JtaPlatformInitiator.initiateService(JtaPlatformInitiator.java:59) - HHH000489: No JTA platform available (set 'hibernate.transaction.jta.platform' to enable JTA platform integration)
2026-01-01 17:02:51.506 [main] INFO  o.s.o.j.LocalContainerEntityManagerFactoryBean.buildNativeEntityManagerFactory(AbstractEntityManagerFactoryBean.java:447) - Initialized JPA EntityManagerFactory for persistence unit 'default'
2026-01-01 17:02:51.841 [main] INFO  o.s.d.j.r.query.QueryEnhancerFactory.<clinit>(QueryEnhancerFactory.java:49) - Hibernate is in classpath; If applicable, HQL parser will be used.
2026-01-01 17:02:52.251 [main] INFO  com.quizz.core.QuizDataInitializer.init(QuizDataInitializer.java:32) - === QuizDataInitializer: Starting initialization check ===
2026-01-01 17:02:52.340 [main] INFO  com.quizz.core.QuizDataInitializer.init(QuizDataInitializer.java:36) - Found 0 existing quizzes in database
2026-01-01 17:02:52.342 [main] INFO  com.quizz.core.QuizDataInitializer.init(QuizDataInitializer.java:39) - No quizzes found - initializing quiz data from JSON file...
2026-01-01 17:02:52.342 [main] INFO  com.quizz.core.QuizDataInitializer.initializeQuizData(QuizDataInitializer.java:56) - Starting to load quiz data from quiz-questions.json...
2026-01-01 17:02:52.343 [main] INFO  com.quizz.core.QuizDataInitializer.initializeQuizData(QuizDataInitializer.java:64) - Resource exists: true
2026-01-01 17:02:52.343 [main] INFO  com.quizz.core.QuizDataInitializer.initializeQuizData(QuizDataInitializer.java:65) - Resource path: quiz-questions.json
2026-01-01 17:02:52.714 [main] INFO  com.quizz.core.QuizDataInitializer.initializeQuizData(QuizDataInitializer.java:69) - Successfully parsed JSON file. Found 19 quizzes
2026-01-01 17:02:52.715 [main] INFO  com.quizz.core.QuizDataInitializer.initializeQuizData(QuizDataInitializer.java:76) - Processing quiz #1: 'General Knowledge' with 10 questions
2026-01-01 17:02:52.761 [main] INFO  com.quizz.core.QuizDataInitializer.initializeQuizData(QuizDataInitializer.java:83) - Quiz 'General Knowledge' saved with ID: 1
2026-01-01 17:02:52.879 [main] INFO  com.quizz.core.QuizDataInitializer.initializeQuizData(QuizDataInitializer.java:111) - Quiz 'General Knowledge' initialized with 10 questions
2026-01-01 17:02:52.879 [main] INFO  com.quizz.core.QuizDataInitializer.initializeQuizData(QuizDataInitializer.java:76) - Processing quiz #2: 'Physics' with 10 questions
2026-01-01 17:02:52.887 [main] INFO  com.quizz.core.QuizDataInitializer.initializeQuizData(QuizDataInitializer.java:83) - Quiz 'Physics' saved with ID: 2
2026-01-01 17:02:52.951 [main] INFO  com.quizz.core.QuizDataInitializer.initializeQuizData(QuizDataInitializer.java:111) - Quiz 'Physics' initialized with 10 questions
2026-01-01 17:02:52.951 [main] INFO  com.quizz.core.QuizDataInitializer.initializeQuizData(QuizDataInitializer.java:76) - Processing quiz #3: 'US Civil War' with 100 questions
2026-01-01 17:02:52.951 [main] INFO  com.quizz.core.QuizDataInitializer.initializeQuizData(QuizDataInitializer.java:83) - Quiz 'US Civil War' saved with ID: 3
2026-01-01 17:02:53.224 [main] INFO  com.quizz.core.QuizDataInitializer.initializeQuizData(QuizDataInitializer.java:107) -   - Processed 50 questions...
2026-01-01 17:02:53.327 [main] INFO  com.quizz.core.QuizDataInitializer.initializeQuizData(QuizDataInitializer.java:107) -   - Processed 100 questions...
2026-01-01 17:02:53.327 [main] INFO  com.quizz.core.QuizDataInitializer.initializeQuizData(QuizDataInitializer.java:111) - Quiz 'US Civil War' initialized with 100 questions
2026-01-01 17:02:53.327 [main] INFO  com.quizz.core.QuizDataInitializer.initializeQuizData(QuizDataInitializer.java:76) - Processing quiz #4: 'Painting' with 10 questions
2026-01-01 17:02:53.331 [main] INFO  com.quizz.core.QuizDataInitializer.initializeQuizData(QuizDataInitializer.java:83) - Quiz 'Painting' saved with ID: 4
2026-01-01 17:02:53.368 [main] INFO  com.quizz.core.QuizDataInitializer.initializeQuizData(QuizDataInitializer.java:111) - Quiz 'Painting' initialized with 10 questions
2026-01-01 17:02:53.368 [main] INFO  com.quizz.core.QuizDataInitializer.initializeQuizData(QuizDataInitializer.java:76) - Processing quiz #5: 'French Revolution' with 1000 questions
2026-01-01 17:02:53.368 [main] INFO  com.quizz.core.QuizDataInitializer.initializeQuizData(QuizDataInitializer.java:83) - Quiz 'French Revolution' saved with ID: 5
2026-01-01 17:02:53.450 [main] INFO  com.quizz.core.QuizDataInitializer.initializeQuizData(QuizDataInitializer.java:107) -   - Processed 50 questions...
2026-01-01 17:02:53.544 [main] INFO  com.quizz.core.QuizDataInitializer.initializeQuizData(QuizDataInitializer.java:107) -   - Processed 100 questions...
2026-01-01 17:02:53.632 [main] INFO  com.quizz.core.QuizDataInitializer.initializeQuizData(QuizDataInitializer.java:107) -   - Processed 150 questions...
2026-01-01 17:02:53.679 [main] INFO  com.quizz.core.QuizDataInitializer.initializeQuizData(QuizDataInitializer.java:107) -   - Processed 200 questions...
2026-01-01 17:02:53.767 [main] INFO  com.quizz.core.QuizDataInitializer.initializeQuizData(QuizDataInitializer.java:107) -   - Processed 250 questions...
2026-01-01 17:02:53.831 [main] INFO  com.quizz.core.QuizDataInitializer.initializeQuizData(QuizDataInitializer.java:107) -   - Processed 300 questions...
2026-01-01 17:02:53.864 [main] INFO  com.quizz.core.QuizDataInitializer.initializeQuizData(QuizDataInitializer.java:107) -   - Processed 350 questions...
2026-01-01 17:02:53.929 [main] INFO  com.quizz.core.QuizDataInitializer.initializeQuizData(QuizDataInitializer.java:107) -   - Processed 400 questions...
2026-01-01 17:02:53.950 [main] INFO  com.quizz.core.QuizDataInitializer.initializeQuizData(QuizDataInitializer.java:107) -   - Processed 450 questions...
2026-01-01 17:02:53.974 [main] INFO  com.quizz.core.QuizDataInitializer.initializeQuizData(QuizDataInitializer.java:107) -   - Processed 500 questions...
2026-01-01 17:02:54.000 [main] INFO  com.quizz.core.QuizDataInitializer.initializeQuizData(QuizDataInitializer.java:107) -   - Processed 550 questions...
2026-01-01 17:02:54.015 [main] INFO  com.quizz.core.QuizDataInitializer.initializeQuizData(QuizDataInitializer.java:107) -   - Processed 600 questions...
2026-01-01 17:02:54.031 [main] INFO  com.quizz.core.QuizDataInitializer.initializeQuizData(QuizDataInitializer.java:107) -   - Processed 650 questions...
2026-01-01 17:02:54.040 [main] INFO  com.quizz.core.QuizDataInitializer.initializeQuizData(QuizDataInitializer.java:107) -   - Processed 700 questions...
2026-01-01 17:02:54.061 [main] INFO  com.quizz.core.QuizDataInitializer.initializeQuizData(QuizDataInitializer.java:107) -   - Processed 750 questions...
2026-01-01 17:02:54.072 [main] INFO  com.quizz.core.QuizDataInitializer.initializeQuizData(QuizDataInitializer.java:107) -   - Processed 800 questions...
2026-01-01 17:02:54.094 [main] INFO  com.quizz.core.QuizDataInitializer.initializeQuizData(QuizDataInitializer.java:107) -   - Processed 850 questions...
2026-01-01 17:02:54.105 [main] INFO  com.quizz.core.QuizDataInitializer.initializeQuizData(QuizDataInitializer.java:107) -   - Processed 900 questions...
2026-01-01 17:02:54.122 [main] INFO  com.quizz.core.QuizDataInitializer.initializeQuizData(QuizDataInitializer.java:107) -   - Processed 950 questions...
2026-01-01 17:02:54.130 [main] INFO  com.quizz.core.QuizDataInitializer.initializeQuizData(QuizDataInitializer.java:107) -   - Processed 1000 questions...
2026-01-01 17:02:54.130 [main] INFO  com.quizz.core.QuizDataInitializer.initializeQuizData(QuizDataInitializer.java:111) - Quiz 'French Revolution' initialized with 1000 questions
2026-01-01 17:02:54.130 [main] INFO  com.quizz.core.QuizDataInitializer.initializeQuizData(QuizDataInitializer.java:76) - Processing quiz #6: 'French Literature' with 473 questions
2026-01-01 17:02:54.130 [main] INFO  com.quizz.core.QuizDataInitializer.initializeQuizData(QuizDataInitializer.java:83) - Quiz 'French Literature' saved with ID: 6
2026-01-01 17:02:54.156 [main] INFO  com.quizz.core.QuizDataInitializer.initializeQuizData(QuizDataInitializer.java:107) -   - Processed 50 questions...
2026-01-01 17:02:54.174 [main] INFO  com.quizz.core.QuizDataInitializer.initializeQuizData(QuizDataInitializer.java:107) -   - Processed 100 questions...
2026-01-01 17:02:54.191 [main] INFO  com.quizz.core.QuizDataInitializer.initializeQuizData(QuizDataInitializer.java:107) -   - Processed 150 questions...
2026-01-01 17:02:54.211 [main] INFO  com.quizz.core.QuizDataInitializer.initializeQuizData(QuizDataInitializer.java:107) -   - Processed 200 questions...
2026-01-01 17:02:54.232 [main] INFO  com.quizz.core.QuizDataInitializer.initializeQuizData(QuizDataInitializer.java:107) -   - Processed 250 questions...
2026-01-01 17:02:54.245 [main] INFO  com.quizz.core.QuizDataInitializer.initializeQuizData(QuizDataInitializer.java:107) -   - Processed 300 questions...
2026-01-01 17:02:54.262 [main] INFO  com.quizz.core.QuizDataInitializer.initializeQuizData(QuizDataInitializer.java:107) -   - Processed 350 questions...
2026-01-01 17:02:54.279 [main] INFO  com.quizz.core.QuizDataInitializer.initializeQuizData(QuizDataInitializer.java:107) -   - Processed 400 questions...
2026-01-01 17:02:54.294 [main] INFO  com.quizz.core.QuizDataInitializer.initializeQuizData(QuizDataInitializer.java:107) -   - Processed 450 questions...
2026-01-01 17:02:54.302 [main] INFO  com.quizz.core.QuizDataInitializer.initializeQuizData(QuizDataInitializer.java:111) - Quiz 'French Literature' initialized with 473 questions
2026-01-01 17:02:54.302 [main] INFO  com.quizz.core.QuizDataInitializer.initializeQuizData(QuizDataInitializer.java:76) - Processing quiz #7: 'Famous Battles' with 1000 questions
2026-01-01 17:02:54.302 [main] INFO  com.quizz.core.QuizDataInitializer.initializeQuizData(QuizDataInitializer.java:83) - Quiz 'Famous Battles' saved with ID: 7
2026-01-01 17:02:54.321 [main] INFO  com.quizz.core.QuizDataInitializer.initializeQuizData(QuizDataInitializer.java:107) -   - Processed 50 questions...
2026-01-01 17:02:54.327 [main] INFO  com.quizz.core.QuizDataInitializer.initializeQuizData(QuizDataInitializer.java:107) -   - Processed 100 questions...
2026-01-01 17:02:54.352 [main] INFO  com.quizz.core.QuizDataInitializer.initializeQuizData(QuizDataInitializer.java:107) -   - Processed 150 questions...
2026-01-01 17:02:54.377 [main] INFO  com.quizz.core.QuizDataInitializer.initializeQuizData(QuizDataInitializer.java:107) -   - Processed 200 questions...
2026-01-01 17:02:54.399 [main] INFO  com.quizz.core.QuizDataInitializer.initializeQuizData(QuizDataInitializer.java:107) -   - Processed 250 questions...
2026-01-01 17:02:54.416 [main] INFO  com.quizz.core.QuizDataInitializer.initializeQuizData(QuizDataInitializer.java:107) -   - Processed 300 questions...
2026-01-01 17:02:54.436 [main] INFO  com.quizz.core.QuizDataInitializer.initializeQuizData(QuizDataInitializer.java:107) -   - Processed 350 questions...
2026-01-01 17:02:54.450 [main] INFO  com.quizz.core.QuizDataInitializer.initializeQuizData(QuizDataInitializer.java:107) -   - Processed 400 questions...
2026-01-01 17:02:54.467 [main] INFO  com.quizz.core.QuizDataInitializer.initializeQuizData(QuizDataInitializer.java:107) -   - Processed 450 questions...
2026-01-01 17:02:54.494 [main] INFO  com.quizz.core.QuizDataInitializer.initializeQuizData(QuizDataInitializer.java:107) -   - Processed 500 questions...
2026-01-01 17:02:54.508 [main] INFO  com.quizz.core.QuizDataInitializer.initializeQuizData(QuizDataInitializer.java:107) -   - Processed 550 questions...
2026-01-01 17:02:54.525 [main] INFO  com.quizz.core.QuizDataInitializer.initializeQuizData(QuizDataInitializer.java:107) -   - Processed 600 questions...
2026-01-01 17:02:54.541 [main] INFO  com.quizz.core.QuizDataInitializer.initializeQuizData(QuizDataInitializer.java:107) -   - Processed 650 questions...
2026-01-01 17:02:54.553 [main] INFO  com.quizz.core.QuizDataInitializer.initializeQuizData(QuizDataInitializer.java:107) -   - Processed 700 questions...
2026-01-01 17:02:54.570 [main] INFO  com.quizz.core.QuizDataInitializer.initializeQuizData(QuizDataInitializer.java:107) -   - Processed 750 questions...
2026-01-01 17:02:54.584 [main] INFO  com.quizz.core.QuizDataInitializer.initializeQuizData(QuizDataInitializer.java:107) -   - Processed 800 questions...
2026-01-01 17:02:54.608 [main] INFO  com.quizz.core.QuizDataInitializer.initializeQuizData(QuizDataInitializer.java:107) -   - Processed 850 questions...
2026-01-01 17:02:54.623 [main] INFO  com.quizz.core.QuizDataInitializer.initializeQuizData(QuizDataInitializer.java:107) -   - Processed 900 questions...
2026-01-01 17:02:54.640 [main] INFO  com.quizz.core.QuizDataInitializer.initializeQuizData(QuizDataInitializer.java:107) -   - Processed 950 questions...
2026-01-01 17:02:54.654 [main] INFO  com.quizz.core.QuizDataInitializer.initializeQuizData(QuizDataInitializer.java:107) -   - Processed 1000 questions...
2026-01-01 17:02:54.654 [main] INFO  com.quizz.core.QuizDataInitializer.initializeQuizData(QuizDataInitializer.java:111) - Quiz 'Famous Battles' initialized with 1000 questions
2026-01-01 17:02:54.654 [main] INFO  com.quizz.core.QuizDataInitializer.initializeQuizData(QuizDataInitializer.java:76) - Processing quiz #8: 'Famous French Quotes' with 1000 questions
2026-01-01 17:02:54.654 [main] INFO  com.quizz.core.QuizDataInitializer.initializeQuizData(QuizDataInitializer.java:83) - Quiz 'Famous French Quotes' saved with ID: 8
2026-01-01 17:02:54.694 [main] INFO  com.quizz.core.QuizDataInitializer.initializeQuizData(QuizDataInitializer.java:107) -   - Processed 50 questions...
2026-01-01 17:02:54.732 [main] INFO  com.quizz.core.QuizDataInitializer.initializeQuizData(QuizDataInitializer.java:107) -   - Processed 100 questions...
2026-01-01 17:02:54.750 [main] INFO  com.quizz.core.QuizDataInitializer.initializeQuizData(QuizDataInitializer.java:107) -   - Processed 150 questions...
2026-01-01 17:02:54.760 [main] INFO  com.quizz.core.QuizDataInitializer.initializeQuizData(QuizDataInitializer.java:107) -   - Processed 200 questions...
2026-01-01 17:02:54.777 [main] INFO  com.quizz.core.QuizDataInitializer.initializeQuizData(QuizDataInitializer.java:107) -   - Processed 250 questions...
2026-01-01 17:02:54.785 [main] INFO  com.quizz.core.QuizDataInitializer.initializeQuizData(QuizDataInitializer.java:107) -   - Processed 300 questions...
2026-01-01 17:02:54.794 [main] INFO  com.quizz.core.QuizDataInitializer.initializeQuizData(QuizDataInitializer.java:107) -   - Processed 350 questions...
2026-01-01 17:02:54.810 [main] INFO  com.quizz.core.QuizDataInitializer.initializeQuizData(QuizDataInitializer.java:107) -   - Processed 400 questions...
2026-01-01 17:02:54.826 [main] INFO  com.quizz.core.QuizDataInitializer.initializeQuizData(QuizDataInitializer.java:107) -   - Processed 450 questions...
2026-01-01 17:02:54.848 [main] INFO  com.quizz.core.QuizDataInitializer.initializeQuizData(QuizDataInitializer.java:107) -   - Processed 500 questions...
2026-01-01 17:02:55.098 [main] INFO  com.quizz.core.QuizDataInitializer.initializeQuizData(QuizDataInitializer.java:107) -   - Processed 550 questions...
2026-01-01 17:02:55.187 [main] INFO  com.quizz.core.QuizDataInitializer.initializeQuizData(QuizDataInitializer.java:107) -   - Processed 600 questions...
2026-01-01 17:02:55.206 [main] INFO  com.quizz.core.QuizDataInitializer.initializeQuizData(QuizDataInitializer.java:107) -   - Processed 650 questions...
2026-01-01 17:02:55.222 [main] INFO  com.quizz.core.QuizDataInitializer.initializeQuizData(QuizDataInitializer.java:107) -   - Processed 700 questions...
2026-01-01 17:02:55.239 [main] INFO  com.quizz.core.QuizDataInitializer.initializeQuizData(QuizDataInitializer.java:107) -   - Processed 750 questions...
2026-01-01 17:02:55.257 [main] INFO  com.quizz.core.QuizDataInitializer.initializeQuizData(QuizDataInitializer.java:107) -   - Processed 800 questions...
2026-01-01 17:02:55.276 [main] INFO  com.quizz.core.QuizDataInitializer.initializeQuizData(QuizDataInitializer.java:107) -   - Processed 850 questions...
2026-01-01 17:02:55.292 [main] INFO  com.quizz.core.QuizDataInitializer.initializeQuizData(QuizDataInitializer.java:107) -   - Processed 900 questions...
2026-01-01 17:02:55.315 [main] INFO  com.quizz.core.QuizDataInitializer.initializeQuizData(QuizDataInitializer.java:107) -   - Processed 950 questions...
2026-01-01 17:02:55.332 [main] INFO  com.quizz.core.QuizDataInitializer.initializeQuizData(QuizDataInitializer.java:107) -   - Processed 1000 questions...
2026-01-01 17:02:55.336 [main] INFO  com.quizz.core.QuizDataInitializer.initializeQuizData(QuizDataInitializer.java:111) - Quiz 'Famous French Quotes' initialized with 1000 questions
2026-01-01 17:02:55.336 [main] INFO  com.quizz.core.QuizDataInitializer.initializeQuizData(QuizDataInitializer.java:76) - Processing quiz #9: 'French History 1000' with 256 questions
2026-01-01 17:02:55.336 [main] INFO  com.quizz.core.QuizDataInitializer.initializeQuizData(QuizDataInitializer.java:83) - Quiz 'French History 1000' saved with ID: 9
2026-01-01 17:02:55.356 [main] INFO  com.quizz.core.QuizDataInitializer.initializeQuizData(QuizDataInitializer.java:107) -   - Processed 50 questions...
2026-01-01 17:02:55.382 [main] INFO  com.quizz.core.QuizDataInitializer.initializeQuizData(QuizDataInitializer.java:107) -   - Processed 100 questions...
2026-01-01 17:02:55.395 [main] INFO  com.quizz.core.QuizDataInitializer.initializeQuizData(QuizDataInitializer.java:107) -   - Processed 150 questions...
2026-01-01 17:02:55.434 [main] INFO  com.quizz.core.QuizDataInitializer.initializeQuizData(QuizDataInitializer.java:107) -   - Processed 200 questions...
2026-01-01 17:02:55.451 [main] INFO  com.quizz.core.QuizDataInitializer.initializeQuizData(QuizDataInitializer.java:107) -   - Processed 250 questions...
2026-01-01 17:02:55.461 [main] INFO  com.quizz.core.QuizDataInitializer.initializeQuizData(QuizDataInitializer.java:111) - Quiz 'French History 1000' initialized with 256 questions
2026-01-01 17:02:55.461 [main] INFO  com.quizz.core.QuizDataInitializer.initializeQuizData(QuizDataInitializer.java:76) - Processing quiz #10: 'Europe Quiz' with 145 questions
2026-01-01 17:02:55.461 [main] INFO  com.quizz.core.QuizDataInitializer.initializeQuizData(QuizDataInitializer.java:83) - Quiz 'Europe Quiz' saved with ID: 10
2026-01-01 17:02:55.475 [main] INFO  com.quizz.core.QuizDataInitializer.initializeQuizData(QuizDataInitializer.java:107) -   - Processed 50 questions...
2026-01-01 17:02:55.491 [main] INFO  com.quizz.core.QuizDataInitializer.initializeQuizData(QuizDataInitializer.java:107) -   - Processed 100 questions...
2026-01-01 17:02:55.500 [main] INFO  com.quizz.core.QuizDataInitializer.initializeQuizData(QuizDataInitializer.java:111) - Quiz 'Europe Quiz' initialized with 145 questions
2026-01-01 17:02:55.500 [main] INFO  com.quizz.core.QuizDataInitializer.initializeQuizData(QuizDataInitializer.java:76) - Processing quiz #11: 'Japan Quiz - Culture & Geography' with 1000 questions
2026-01-01 17:02:55.500 [main] INFO  com.quizz.core.QuizDataInitializer.initializeQuizData(QuizDataInitializer.java:83) - Quiz 'Japan Quiz - Culture & Geography' saved with ID: 11
2026-01-01 17:02:55.540 [main] INFO  com.quizz.core.QuizDataInitializer.initializeQuizData(QuizDataInitializer.java:107) -   - Processed 50 questions...
2026-01-01 17:02:55.556 [main] INFO  com.quizz.core.QuizDataInitializer.initializeQuizData(QuizDataInitializer.java:107) -   - Processed 100 questions...
2026-01-01 17:02:55.581 [main] INFO  com.quizz.core.QuizDataInitializer.initializeQuizData(QuizDataInitializer.java:107) -   - Processed 150 questions...
2026-01-01 17:02:55.656 [main] INFO  com.quizz.core.QuizDataInitializer.initializeQuizData(QuizDataInitializer.java:107) -   - Processed 200 questions...
2026-01-01 17:02:55.679 [main] INFO  com.quizz.core.QuizDataInitializer.initializeQuizData(QuizDataInitializer.java:107) -   - Processed 250 questions...
2026-01-01 17:02:55.696 [main] INFO  com.quizz.core.QuizDataInitializer.initializeQuizData(QuizDataInitializer.java:107) -   - Processed 300 questions...
2026-01-01 17:02:55.720 [main] INFO  com.quizz.core.QuizDataInitializer.initializeQuizData(QuizDataInitializer.java:107) -   - Processed 350 questions...
2026-01-01 17:02:55.736 [main] INFO  com.quizz.core.QuizDataInitializer.initializeQuizData(QuizDataInitializer.java:107) -   - Processed 400 questions...
2026-01-01 17:02:55.765 [main] INFO  com.quizz.core.QuizDataInitializer.initializeQuizData(QuizDataInitializer.java:107) -   - Processed 450 questions...
2026-01-01 17:02:55.786 [main] INFO  com.quizz.core.QuizDataInitializer.initializeQuizData(QuizDataInitializer.java:107) -   - Processed 500 questions...
2026-01-01 17:02:55.811 [main] INFO  com.quizz.core.QuizDataInitializer.initializeQuizData(QuizDataInitializer.java:107) -   - Processed 550 questions...
2026-01-01 17:02:55.827 [main] INFO  com.quizz.core.QuizDataInitializer.initializeQuizData(QuizDataInitializer.java:107) -   - Processed 600 questions...
2026-01-01 17:02:55.845 [main] INFO  com.quizz.core.QuizDataInitializer.initializeQuizData(QuizDataInitializer.java:107) -   - Processed 650 questions...
2026-01-01 17:02:55.869 [main] INFO  com.quizz.core.QuizDataInitializer.initializeQuizData(QuizDataInitializer.java:107) -   - Processed 700 questions...
2026-01-01 17:02:55.902 [main] INFO  com.quizz.core.QuizDataInitializer.initializeQuizData(QuizDataInitializer.java:107) -   - Processed 750 questions...
2026-01-01 17:02:55.920 [main] INFO  com.quizz.core.QuizDataInitializer.initializeQuizData(QuizDataInitializer.java:107) -   - Processed 800 questions...
2026-01-01 17:02:55.936 [main] INFO  com.quizz.core.QuizDataInitializer.initializeQuizData(QuizDataInitializer.java:107) -   - Processed 850 questions...
2026-01-01 17:02:55.961 [main] INFO  com.quizz.core.QuizDataInitializer.initializeQuizData(QuizDataInitializer.java:107) -   - Processed 900 questions...
2026-01-01 17:02:55.993 [main] INFO  com.quizz.core.QuizDataInitializer.initializeQuizData(QuizDataInitializer.java:107) -   - Processed 950 questions...
2026-01-01 17:02:56.010 [main] INFO  com.quizz.core.QuizDataInitializer.initializeQuizData(QuizDataInitializer.java:107) -   - Processed 1000 questions...
2026-01-01 17:02:56.010 [main] INFO  com.quizz.core.QuizDataInitializer.initializeQuizData(QuizDataInitializer.java:111) - Quiz 'Japan Quiz - Culture & Geography' initialized with 1000 questions
2026-01-01 17:02:56.010 [main] INFO  com.quizz.core.QuizDataInitializer.initializeQuizData(QuizDataInitializer.java:76) - Processing quiz #12: 'World Cities - Latitude & Longitude' with 50 questions
2026-01-01 17:02:56.010 [main] INFO  com.quizz.core.QuizDataInitializer.initializeQuizData(QuizDataInitializer.java:83) - Quiz 'World Cities - Latitude & Longitude' saved with ID: 12
2026-01-01 17:02:56.026 [main] INFO  com.quizz.core.QuizDataInitializer.initializeQuizData(QuizDataInitializer.java:107) -   - Processed 50 questions...
2026-01-01 17:02:56.033 [main] INFO  com.quizz.core.QuizDataInitializer.initializeQuizData(QuizDataInitializer.java:111) - Quiz 'World Cities - Latitude & Longitude' initialized with 50 questions
2026-01-01 17:02:56.033 [main] INFO  com.quizz.core.QuizDataInitializer.initializeQuizData(QuizDataInitializer.java:76) - Processing quiz #13: 'Periodic Table of Elements - Complete' with 472 questions
2026-01-01 17:02:56.034 [main] INFO  com.quizz.core.QuizDataInitializer.initializeQuizData(QuizDataInitializer.java:83) - Quiz 'Periodic Table of Elements - Complete' saved with ID: 13
2026-01-01 17:02:56.050 [main] INFO  com.quizz.core.QuizDataInitializer.initializeQuizData(QuizDataInitializer.java:107) -   - Processed 50 questions...
2026-01-01 17:02:56.058 [main] INFO  com.quizz.core.QuizDataInitializer.initializeQuizData(QuizDataInitializer.java:107) -   - Processed 100 questions...
2026-01-01 17:02:56.079 [main] INFO  com.quizz.core.QuizDataInitializer.initializeQuizData(QuizDataInitializer.java:107) -   - Processed 150 questions...
2026-01-01 17:02:56.097 [main] INFO  com.quizz.core.QuizDataInitializer.initializeQuizData(QuizDataInitializer.java:107) -   - Processed 200 questions...
2026-01-01 17:02:56.109 [main] INFO  com.quizz.core.QuizDataInitializer.initializeQuizData(QuizDataInitializer.java:107) -   - Processed 250 questions...
2026-01-01 17:02:56.126 [main] INFO  com.quizz.core.QuizDataInitializer.initializeQuizData(QuizDataInitializer.java:107) -   - Processed 300 questions...
2026-01-01 17:02:56.134 [main] INFO  com.quizz.core.QuizDataInitializer.initializeQuizData(QuizDataInitializer.java:107) -   - Processed 350 questions...
2026-01-01 17:02:56.151 [main] INFO  com.quizz.core.QuizDataInitializer.initializeQuizData(QuizDataInitializer.java:107) -   - Processed 400 questions...
2026-01-01 17:02:56.167 [main] INFO  com.quizz.core.QuizDataInitializer.initializeQuizData(QuizDataInitializer.java:107) -   - Processed 450 questions...
2026-01-01 17:02:56.184 [main] INFO  com.quizz.core.QuizDataInitializer.initializeQuizData(QuizDataInitializer.java:111) - Quiz 'Periodic Table of Elements - Complete' initialized with 472 questions
2026-01-01 17:02:56.184 [main] INFO  com.quizz.core.QuizDataInitializer.initializeQuizData(QuizDataInitializer.java:76) - Processing quiz #14: 'Mythology Quiz' with 100 questions
2026-01-01 17:02:56.184 [main] INFO  com.quizz.core.QuizDataInitializer.initializeQuizData(QuizDataInitializer.java:83) - Quiz 'Mythology Quiz' saved with ID: 14
2026-01-01 17:02:56.197 [main] INFO  com.quizz.core.QuizDataInitializer.initializeQuizData(QuizDataInitializer.java:107) -   - Processed 50 questions...
2026-01-01 17:02:56.217 [main] INFO  com.quizz.core.QuizDataInitializer.initializeQuizData(QuizDataInitializer.java:107) -   - Processed 100 questions...
2026-01-01 17:02:56.217 [main] INFO  com.quizz.core.QuizDataInitializer.initializeQuizData(QuizDataInitializer.java:111) - Quiz 'Mythology Quiz' initialized with 100 questions
2026-01-01 17:02:56.217 [main] INFO  com.quizz.core.QuizDataInitializer.initializeQuizData(QuizDataInitializer.java:76) - Processing quiz #15: 'Greek Mythology - Complete' with 533 questions
2026-01-01 17:02:56.217 [main] INFO  com.quizz.core.QuizDataInitializer.initializeQuizData(QuizDataInitializer.java:83) - Quiz 'Greek Mythology - Complete' saved with ID: 15
2026-01-01 17:02:56.233 [main] INFO  com.quizz.core.QuizDataInitializer.initializeQuizData(QuizDataInitializer.java:107) -   - Processed 50 questions...
2026-01-01 17:02:56.250 [main] INFO  com.quizz.core.QuizDataInitializer.initializeQuizData(QuizDataInitializer.java:107) -   - Processed 100 questions...
2026-01-01 17:02:56.275 [main] INFO  com.quizz.core.QuizDataInitializer.initializeQuizData(QuizDataInitializer.java:107) -   - Processed 150 questions...
2026-01-01 17:02:56.300 [main] INFO  com.quizz.core.QuizDataInitializer.initializeQuizData(QuizDataInitializer.java:107) -   - Processed 200 questions...
2026-01-01 17:02:56.316 [main] INFO  com.quizz.core.QuizDataInitializer.initializeQuizData(QuizDataInitializer.java:107) -   - Processed 250 questions...
2026-01-01 17:02:56.333 [main] INFO  com.quizz.core.QuizDataInitializer.initializeQuizData(QuizDataInitializer.java:107) -   - Processed 300 questions...
2026-01-01 17:02:56.349 [main] INFO  com.quizz.core.QuizDataInitializer.initializeQuizData(QuizDataInitializer.java:107) -   - Processed 350 questions...
2026-01-01 17:02:56.370 [main] INFO  com.quizz.core.QuizDataInitializer.initializeQuizData(QuizDataInitializer.java:107) -   - Processed 400 questions...
2026-01-01 17:02:56.385 [main] INFO  com.quizz.core.QuizDataInitializer.initializeQuizData(QuizDataInitializer.java:107) -   - Processed 450 questions...
2026-01-01 17:02:56.399 [main] INFO  com.quizz.core.QuizDataInitializer.initializeQuizData(QuizDataInitializer.java:107) -   - Processed 500 questions...
2026-01-01 17:02:56.407 [main] INFO  com.quizz.core.QuizDataInitializer.initializeQuizData(QuizDataInitializer.java:111) - Quiz 'Greek Mythology - Complete' initialized with 533 questions
2026-01-01 17:02:56.407 [main] INFO  com.quizz.core.QuizDataInitializer.initializeQuizData(QuizDataInitializer.java:76) - Processing quiz #16: 'Game of Thrones - Complete' with 138 questions
2026-01-01 17:02:56.407 [main] INFO  com.quizz.core.QuizDataInitializer.initializeQuizData(QuizDataInitializer.java:83) - Quiz 'Game of Thrones - Complete' saved with ID: 16
2026-01-01 17:02:56.424 [main] INFO  com.quizz.core.QuizDataInitializer.initializeQuizData(QuizDataInitializer.java:107) -   - Processed 50 questions...
2026-01-01 17:02:56.447 [main] INFO  com.quizz.core.QuizDataInitializer.initializeQuizData(QuizDataInitializer.java:107) -   - Processed 100 questions...
2026-01-01 17:02:56.461 [main] INFO  com.quizz.core.QuizDataInitializer.initializeQuizData(QuizDataInitializer.java:111) - Quiz 'Game of Thrones - Complete' initialized with 138 questions
2026-01-01 17:02:56.461 [main] INFO  com.quizz.core.QuizDataInitializer.initializeQuizData(QuizDataInitializer.java:76) - Processing quiz #17: 'Famous Manga Series' with 1000 questions
2026-01-01 17:02:56.461 [main] INFO  com.quizz.core.QuizDataInitializer.initializeQuizData(QuizDataInitializer.java:83) - Quiz 'Famous Manga Series' saved with ID: 17
2026-01-01 17:02:56.471 [main] INFO  com.quizz.core.QuizDataInitializer.initializeQuizData(QuizDataInitializer.java:107) -   - Processed 50 questions...
2026-01-01 17:02:56.471 [main] INFO  com.quizz.core.QuizDataInitializer.initializeQuizData(QuizDataInitializer.java:107) -   - Processed 100 questions...
2026-01-01 17:02:56.485 [main] INFO  com.quizz.core.QuizDataInitializer.initializeQuizData(QuizDataInitializer.java:107) -   - Processed 150 questions...
2026-01-01 17:02:56.493 [main] INFO  com.quizz.core.QuizDataInitializer.initializeQuizData(QuizDataInitializer.java:107) -   - Processed 200 questions...
2026-01-01 17:02:56.500 [main] INFO  com.quizz.core.QuizDataInitializer.initializeQuizData(QuizDataInitializer.java:107) -   - Processed 250 questions...
2026-01-01 17:02:56.504 [main] INFO  com.quizz.core.QuizDataInitializer.initializeQuizData(QuizDataInitializer.java:107) -   - Processed 300 questions...
2026-01-01 17:02:56.517 [main] INFO  com.quizz.core.QuizDataInitializer.initializeQuizData(QuizDataInitializer.java:107) -   - Processed 350 questions...
2026-01-01 17:02:56.521 [main] INFO  com.quizz.core.QuizDataInitializer.initializeQuizData(QuizDataInitializer.java:107) -   - Processed 400 questions...
2026-01-01 17:02:56.529 [main] INFO  com.quizz.core.QuizDataInitializer.initializeQuizData(QuizDataInitializer.java:107) -   - Processed 450 questions...
2026-01-01 17:02:56.529 [main] INFO  com.quizz.core.QuizDataInitializer.initializeQuizData(QuizDataInitializer.java:107) -   - Processed 500 questions...
2026-01-01 17:02:56.537 [main] INFO  com.quizz.core.QuizDataInitializer.initializeQuizData(QuizDataInitializer.java:107) -   - Processed 550 questions...
2026-01-01 17:02:56.548 [main] INFO  com.quizz.core.QuizDataInitializer.initializeQuizData(QuizDataInitializer.java:107) -   - Processed 600 questions...
2026-01-01 17:02:56.553 [main] INFO  com.quizz.core.QuizDataInitializer.initializeQuizData(QuizDataInitializer.java:107) -   - Processed 650 questions...
2026-01-01 17:02:56.561 [main] INFO  com.quizz.core.QuizDataInitializer.initializeQuizData(QuizDataInitializer.java:107) -   - Processed 700 questions...
2026-01-01 17:02:56.566 [main] INFO  com.quizz.core.QuizDataInitializer.initializeQuizData(QuizDataInitializer.java:107) -   - Processed 750 questions...
2026-01-01 17:02:56.570 [main] INFO  com.quizz.core.QuizDataInitializer.initializeQuizData(QuizDataInitializer.java:107) -   - Processed 800 questions...
2026-01-01 17:02:56.585 [main] INFO  com.quizz.core.QuizDataInitializer.initializeQuizData(QuizDataInitializer.java:107) -   - Processed 850 questions...
2026-01-01 17:02:56.590 [main] INFO  com.quizz.core.QuizDataInitializer.initializeQuizData(QuizDataInitializer.java:107) -   - Processed 900 questions...
2026-01-01 17:02:56.595 [main] INFO  com.quizz.core.QuizDataInitializer.initializeQuizData(QuizDataInitializer.java:107) -   - Processed 950 questions...
2026-01-01 17:02:56.603 [main] INFO  com.quizz.core.QuizDataInitializer.initializeQuizData(QuizDataInitializer.java:107) -   - Processed 1000 questions...
2026-01-01 17:02:56.603 [main] INFO  com.quizz.core.QuizDataInitializer.initializeQuizData(QuizDataInitializer.java:111) - Quiz 'Famous Manga Series' initialized with 1000 questions
2026-01-01 17:02:56.603 [main] INFO  com.quizz.core.QuizDataInitializer.initializeQuizData(QuizDataInitializer.java:76) - Processing quiz #18: 'Disney Animation Movies' with 1000 questions
2026-01-01 17:02:56.603 [main] INFO  com.quizz.core.QuizDataInitializer.initializeQuizData(QuizDataInitializer.java:83) - Quiz 'Disney Animation Movies' saved with ID: 18
2026-01-01 17:02:56.603 [main] INFO  com.quizz.core.QuizDataInitializer.initializeQuizData(QuizDataInitializer.java:107) -   - Processed 50 questions...
2026-01-01 17:02:56.611 [main] INFO  com.quizz.core.QuizDataInitializer.initializeQuizData(QuizDataInitializer.java:107) -   - Processed 100 questions...
2026-01-01 17:02:56.616 [main] INFO  com.quizz.core.QuizDataInitializer.initializeQuizData(QuizDataInitializer.java:107) -   - Processed 150 questions...
2026-01-01 17:02:56.619 [main] INFO  com.quizz.core.QuizDataInitializer.initializeQuizData(QuizDataInitializer.java:107) -   - Processed 200 questions...
2026-01-01 17:02:56.628 [main] INFO  com.quizz.core.QuizDataInitializer.initializeQuizData(QuizDataInitializer.java:107) -   - Processed 250 questions...
2026-01-01 17:02:56.636 [main] INFO  com.quizz.core.QuizDataInitializer.initializeQuizData(QuizDataInitializer.java:107) -   - Processed 300 questions...
2026-01-01 17:02:56.648 [main] INFO  com.quizz.core.QuizDataInitializer.initializeQuizData(QuizDataInitializer.java:107) -   - Processed 350 questions...
2026-01-01 17:02:56.658 [main] INFO  com.quizz.core.QuizDataInitializer.initializeQuizData(QuizDataInitializer.java:107) -   - Processed 400 questions...
2026-01-01 17:02:56.665 [main] INFO  com.quizz.core.QuizDataInitializer.initializeQuizData(QuizDataInitializer.java:107) -   - Processed 450 questions...
2026-01-01 17:02:56.669 [main] INFO  com.quizz.core.QuizDataInitializer.initializeQuizData(QuizDataInitializer.java:107) -   - Processed 500 questions...
2026-01-01 17:02:56.681 [main] INFO  com.quizz.core.QuizDataInitializer.initializeQuizData(QuizDataInitializer.java:107) -   - Processed 550 questions...
2026-01-01 17:02:56.690 [main] INFO  com.quizz.core.QuizDataInitializer.initializeQuizData(QuizDataInitializer.java:107) -   - Processed 600 questions...
2026-01-01 17:02:56.698 [main] INFO  com.quizz.core.QuizDataInitializer.initializeQuizData(QuizDataInitializer.java:107) -   - Processed 650 questions...
2026-01-01 17:02:56.702 [main] INFO  com.quizz.core.QuizDataInitializer.initializeQuizData(QuizDataInitializer.java:107) -   - Processed 700 questions...
2026-01-01 17:02:56.710 [main] INFO  com.quizz.core.QuizDataInitializer.initializeQuizData(QuizDataInitializer.java:107) -   - Processed 750 questions...
2026-01-01 17:02:56.716 [main] INFO  com.quizz.core.QuizDataInitializer.initializeQuizData(QuizDataInitializer.java:107) -   - Processed 800 questions...
2026-01-01 17:02:56.726 [main] INFO  com.quizz.core.QuizDataInitializer.initializeQuizData(QuizDataInitializer.java:107) -   - Processed 850 questions...
2026-01-01 17:02:56.737 [main] INFO  com.quizz.core.QuizDataInitializer.initializeQuizData(QuizDataInitializer.java:107) -   - Processed 900 questions...
2026-01-01 17:02:56.742 [main] INFO  com.quizz.core.QuizDataInitializer.initializeQuizData(QuizDataInitializer.java:107) -   - Processed 950 questions...
2026-01-01 17:02:56.750 [main] INFO  com.quizz.core.QuizDataInitializer.initializeQuizData(QuizDataInitializer.java:107) -   - Processed 1000 questions...
2026-01-01 17:02:56.750 [main] INFO  com.quizz.core.QuizDataInitializer.initializeQuizData(QuizDataInitializer.java:111) - Quiz 'Disney Animation Movies' initialized with 1000 questions
2026-01-01 17:02:56.750 [main] INFO  com.quizz.core.QuizDataInitializer.initializeQuizData(QuizDataInitializer.java:76) - Processing quiz #19: 'Harry Potter' with 1000 questions
2026-01-01 17:02:56.750 [main] INFO  com.quizz.core.QuizDataInitializer.initializeQuizData(QuizDataInitializer.java:83) - Quiz 'Harry Potter' saved with ID: 19
2026-01-01 17:02:56.767 [main] INFO  com.quizz.core.QuizDataInitializer.initializeQuizData(QuizDataInitializer.java:107) -   - Processed 50 questions...
2026-01-01 17:02:56.784 [main] INFO  com.quizz.core.QuizDataInitializer.initializeQuizData(QuizDataInitializer.java:107) -   - Processed 100 questions...
2026-01-01 17:02:56.792 [main] INFO  com.quizz.core.QuizDataInitializer.initializeQuizData(QuizDataInitializer.java:107) -   - Processed 150 questions...
2026-01-01 17:02:56.810 [main] INFO  com.quizz.core.QuizDataInitializer.initializeQuizData(QuizDataInitializer.java:107) -   - Processed 200 questions...
2026-01-01 17:02:56.823 [main] INFO  com.quizz.core.QuizDataInitializer.initializeQuizData(QuizDataInitializer.java:107) -   - Processed 250 questions...
2026-01-01 17:02:56.838 [main] INFO  com.quizz.core.QuizDataInitializer.initializeQuizData(QuizDataInitializer.java:107) -   - Processed 300 questions...
2026-01-01 17:02:56.855 [main] INFO  com.quizz.core.QuizDataInitializer.initializeQuizData(QuizDataInitializer.java:107) -   - Processed 350 questions...
2026-01-01 17:02:56.886 [main] INFO  com.quizz.core.QuizDataInitializer.initializeQuizData(QuizDataInitializer.java:107) -   - Processed 400 questions...
2026-01-01 17:02:56.930 [main] INFO  com.quizz.core.QuizDataInitializer.initializeQuizData(QuizDataInitializer.java:107) -   - Processed 450 questions...
2026-01-01 17:02:56.946 [main] INFO  com.quizz.core.QuizDataInitializer.initializeQuizData(QuizDataInitializer.java:107) -   - Processed 500 questions...
2026-01-01 17:02:56.963 [main] INFO  com.quizz.core.QuizDataInitializer.initializeQuizData(QuizDataInitializer.java:107) -   - Processed 550 questions...
2026-01-01 17:02:56.980 [main] INFO  com.quizz.core.QuizDataInitializer.initializeQuizData(QuizDataInitializer.java:107) -   - Processed 600 questions...
2026-01-01 17:02:56.997 [main] INFO  com.quizz.core.QuizDataInitializer.initializeQuizData(QuizDataInitializer.java:107) -   - Processed 650 questions...
2026-01-01 17:02:57.003 [main] INFO  com.quizz.core.QuizDataInitializer.initializeQuizData(QuizDataInitializer.java:107) -   - Processed 700 questions...
2026-01-01 17:02:57.020 [main] INFO  com.quizz.core.QuizDataInitializer.initializeQuizData(QuizDataInitializer.java:107) -   - Processed 750 questions...
2026-01-01 17:02:57.036 [main] INFO  com.quizz.core.QuizDataInitializer.initializeQuizData(QuizDataInitializer.java:107) -   - Processed 800 questions...
2026-01-01 17:02:57.051 [main] INFO  com.quizz.core.QuizDataInitializer.initializeQuizData(QuizDataInitializer.java:107) -   - Processed 850 questions...
2026-01-01 17:02:57.061 [main] INFO  com.quizz.core.QuizDataInitializer.initializeQuizData(QuizDataInitializer.java:107) -   - Processed 900 questions...
2026-01-01 17:02:57.087 [main] INFO  com.quizz.core.QuizDataInitializer.initializeQuizData(QuizDataInitializer.java:107) -   - Processed 950 questions...
2026-01-01 17:02:57.107 [main] INFO  com.quizz.core.QuizDataInitializer.initializeQuizData(QuizDataInitializer.java:107) -   - Processed 1000 questions...
2026-01-01 17:02:57.107 [main] INFO  com.quizz.core.QuizDataInitializer.initializeQuizData(QuizDataInitializer.java:111) - Quiz 'Harry Potter' initialized with 1000 questions
2026-01-01 17:02:57.107 [main] INFO  com.quizz.core.QuizDataInitializer.initializeQuizData(QuizDataInitializer.java:114) - === ALL QUIZ DATA INITIALIZED SUCCESSFULLY ===
2026-01-01 17:02:57.107 [main] INFO  com.quizz.core.QuizDataInitializer.initializeQuizData(QuizDataInitializer.java:115) - Total quizzes loaded: 19
2026-01-01 17:02:57.107 [main] INFO  com.quizz.core.QuizDataInitializer.init(QuizDataInitializer.java:51) - === QuizDataInitializer: Initialization check completed ===
2026-01-01 17:02:57.898 [main] WARN  o.s.b.a.o.j.JpaBaseConfiguration$JpaWebConfiguration.openEntityManagerInViewInterceptor(JpaBaseConfiguration.java:258) - spring.jpa.open-in-view is enabled by default. Therefore, database queries may be performed during view rendering. Explicitly configure spring.jpa.open-in-view to disable this warning
2026-01-01 17:02:58.838 [main] INFO  o.a.coyote.http11.Http11NioProtocol.log(DirectJDKLog.java:168) - Starting ProtocolHandler ["https-jsse-nio-0.0.0.0-8443"]
2026-01-01 17:02:58.992 [main] INFO  o.a.t.u.net.NioEndpoint.certificate.log(DirectJDKLog.java:168) - Connector [https-jsse-nio-0.0.0.0-8443], TLS virtual host [_default_], certificate type [UNDEFINED] configured from keystore [C:\Users\athom\.keystore] using alias [quiz-app] with trust store [null]
2026-01-01 17:03:01.430 [main] INFO  c.v.f.s.DefaultDeploymentConfiguration.logMessages(DefaultDeploymentConfiguration.java:166) - Vaadin is running in production mode.
2026-01-01 17:03:01.440 [main] INFO  c.v.flow.spring.SpringInstantiator.getI18NProvider(SpringInstantiator.java:101) - The number of beans implementing 'I18NProvider' is 0. Cannot use Spring beans for I18N, falling back to the default behavior
2026-01-01 17:03:01.515 [main] INFO  o.s.b.w.e.tomcat.TomcatWebServer.start(TomcatWebServer.java:243) - Tomcat started on port 8443 (https) with context path '/'
2026-01-01 17:03:01.523 [main] INFO  com.quizz.Application.logStarted(StartupInfoLogger.java:59) - Started Application in 15.655 seconds (process running for 16.068)
2026-01-01 17:03:01.724 [main] INFO  com.quizz.core.DataInitializer.createAdminUser(DataInitializer.java:54) - Default admin user created: administrateur@quiz.admin / quizz2025!!
2026-01-01 17:03:03.235 [main] INFO  com.quizz.core.DataInitializer.createPublicUsers(DataInitializer.java:203) - Created 20 public users...
2026-01-01 17:03:05.023 [main] INFO  com.quizz.core.DataInitializer.createPublicUsers(DataInitializer.java:203) - Created 40 public users...
2026-01-01 17:03:06.483 [main] INFO  com.quizz.core.DataInitializer.createPublicUsers(DataInitializer.java:203) - Created 60 public users...
2026-01-01 17:03:07.923 [main] INFO  com.quizz.core.DataInitializer.createPublicUsers(DataInitializer.java:203) - Created 80 public users...
2026-01-01 17:03:11.251 [main] INFO  com.quizz.core.DataInitializer.createPublicUsers(DataInitializer.java:210) - Public users initialization complete: 99 created, 0 skipped (already exist)
2026-01-01 17:09:04.918 [https-jsse-nio-0.0.0.0-8443-exec-9] INFO  o.a.c.c.C.[Tomcat].[localhost].[/].log(DirectJDKLog.java:168) - Initializing Spring DispatcherServlet 'dispatcherServlet'
2026-01-01 17:09:04.918 [https-jsse-nio-0.0.0.0-8443-exec-9] INFO  o.s.web.servlet.DispatcherServlet.initServletBean(FrameworkServlet.java:532) - Initializing Servlet 'dispatcherServlet'
2026-01-01 17:09:04.920 [https-jsse-nio-0.0.0.0-8443-exec-9] INFO  o.s.web.servlet.DispatcherServlet.initServletBean(FrameworkServlet.java:554) - Completed initialization in 2 ms
2026-01-01 17:09:05.781 [https-jsse-nio-0.0.0.0-8443-exec-3] WARN  c.q.core.service.TranslationService.translate(TranslationService.java:27) - Translation key 'Question Logs' not found for locale fr_FR, falling back to English
2026-01-01 17:09:05.781 [https-jsse-nio-0.0.0.0-8443-exec-3] ERROR c.q.core.service.TranslationService.translate(TranslationService.java:33) - Translation key 'Question Logs' not found even in English fallback
2026-01-01 17:09:10.321 [https-jsse-nio-0.0.0.0-8443-exec-8] INFO  c.v.f.i.n.ElementListenerMap.fireEvent(ElementListenerMap.java:489) - Ignored listener invocation for click event from the client side for an inert vaadin-button element
2026-01-01 17:09:10.321 [https-jsse-nio-0.0.0.0-8443-exec-8] INFO  c.v.f.i.n.ElementListenerMap.fireEvent(ElementListenerMap.java:489) - Ignored listener invocation for click event from the client side for an inert vaadin-button element
2026-01-01 17:09:13.046 [https-jsse-nio-0.0.0.0-8443-exec-3] WARN  c.q.core.service.TranslationService.translate(TranslationService.java:27) - Translation key 'Question Logs' not found for locale fr_FR, falling back to English
2026-01-01 17:09:13.046 [https-jsse-nio-0.0.0.0-8443-exec-3] ERROR c.q.core.service.TranslationService.translate(TranslationService.java:33) - Translation key 'Question Logs' not found even in English fallback
2026-01-01 17:09:13.046 [https-jsse-nio-0.0.0.0-8443-exec-3] INFO  com.quizz.core.ui.QuizListView.<init>(QuizListView.java:56) - === QuizListView Constructor: Starting ===
2026-01-01 17:09:13.046 [https-jsse-nio-0.0.0.0-8443-exec-3] INFO  com.quizz.core.ui.QuizListView.<init>(QuizListView.java:62) - Services injected successfully
2026-01-01 17:09:13.082 [https-jsse-nio-0.0.0.0-8443-exec-3] INFO  com.quizz.core.ui.QuizListView.<init>(QuizListView.java:122) - UI components created, about to load quiz cards...
2026-01-01 17:09:13.082 [https-jsse-nio-0.0.0.0-8443-exec-3] INFO  com.quizz.core.ui.QuizListView.loadQuizCards(QuizListView.java:246) - === QuizListView: Loading Quiz Cards ===
2026-01-01 17:09:13.082 [https-jsse-nio-0.0.0.0-8443-exec-3] INFO  com.quizz.core.ui.QuizListView.loadQuizCards(QuizListView.java:247) - Number of quizzes retrieved: 19
2026-01-01 17:09:13.082 [https-jsse-nio-0.0.0.0-8443-exec-3] INFO  com.quizz.core.ui.QuizListView.loadQuizCards(QuizListView.java:258) - Creating card for quiz: General Knowledge (ID: 1)
2026-01-01 17:09:13.086 [https-jsse-nio-0.0.0.0-8443-exec-3] INFO  com.quizz.core.ui.QuizListView.loadQuizCards(QuizListView.java:258) - Creating card for quiz: Physics (ID: 2)
2026-01-01 17:09:13.086 [https-jsse-nio-0.0.0.0-8443-exec-3] INFO  com.quizz.core.ui.QuizListView.loadQuizCards(QuizListView.java:258) - Creating card for quiz: US Civil War (ID: 3)
2026-01-01 17:09:13.086 [https-jsse-nio-0.0.0.0-8443-exec-3] INFO  com.quizz.core.ui.QuizListView.loadQuizCards(QuizListView.java:258) - Creating card for quiz: Painting (ID: 4)
2026-01-01 17:09:13.088 [https-jsse-nio-0.0.0.0-8443-exec-3] INFO  com.quizz.core.ui.QuizListView.loadQuizCards(QuizListView.java:258) - Creating card for quiz: French Revolution (ID: 5)
2026-01-01 17:09:13.088 [https-jsse-nio-0.0.0.0-8443-exec-3] INFO  com.quizz.core.ui.QuizListView.loadQuizCards(QuizListView.java:258) - Creating card for quiz: French Literature (ID: 6)
2026-01-01 17:09:13.088 [https-jsse-nio-0.0.0.0-8443-exec-3] INFO  com.quizz.core.ui.QuizListView.loadQuizCards(QuizListView.java:258) - Creating card for quiz: Famous Battles (ID: 7)
2026-01-01 17:09:13.088 [https-jsse-nio-0.0.0.0-8443-exec-3] INFO  com.quizz.core.ui.QuizListView.loadQuizCards(QuizListView.java:258) - Creating card for quiz: Famous French Quotes (ID: 8)
2026-01-01 17:09:13.088 [https-jsse-nio-0.0.0.0-8443-exec-3] INFO  com.quizz.core.ui.QuizListView.loadQuizCards(QuizListView.java:258) - Creating card for quiz: French History 1000 (ID: 9)
2026-01-01 17:09:13.088 [https-jsse-nio-0.0.0.0-8443-exec-3] INFO  com.quizz.core.ui.QuizListView.loadQuizCards(QuizListView.java:258) - Creating card for quiz: Europe Quiz (ID: 10)
2026-01-01 17:09:13.088 [https-jsse-nio-0.0.0.0-8443-exec-3] INFO  com.quizz.core.ui.QuizListView.loadQuizCards(QuizListView.java:258) - Creating card for quiz: Japan Quiz - Culture & Geography (ID: 11)
2026-01-01 17:09:13.088 [https-jsse-nio-0.0.0.0-8443-exec-3] INFO  com.quizz.core.ui.QuizListView.loadQuizCards(QuizListView.java:258) - Creating card for quiz: World Cities - Latitude & Longitude (ID: 12)
2026-01-01 17:09:13.088 [https-jsse-nio-0.0.0.0-8443-exec-3] INFO  com.quizz.core.ui.QuizListView.loadQuizCards(QuizListView.java:258) - Creating card for quiz: Periodic Table of Elements - Complete (ID: 13)
2026-01-01 17:09:13.088 [https-jsse-nio-0.0.0.0-8443-exec-3] INFO  com.quizz.core.ui.QuizListView.loadQuizCards(QuizListView.java:258) - Creating card for quiz: Mythology Quiz (ID: 14)
2026-01-01 17:09:13.088 [https-jsse-nio-0.0.0.0-8443-exec-3] INFO  com.quizz.core.ui.QuizListView.loadQuizCards(QuizListView.java:258) - Creating card for quiz: Greek Mythology - Complete (ID: 15)
2026-01-01 17:09:13.088 [https-jsse-nio-0.0.0.0-8443-exec-3] INFO  com.quizz.core.ui.QuizListView.loadQuizCards(QuizListView.java:258) - Creating card for quiz: Game of Thrones - Complete (ID: 16)
2026-01-01 17:09:13.088 [https-jsse-nio-0.0.0.0-8443-exec-3] INFO  com.quizz.core.ui.QuizListView.loadQuizCards(QuizListView.java:258) - Creating card for quiz: Famous Manga Series (ID: 17)
2026-01-01 17:09:13.088 [https-jsse-nio-0.0.0.0-8443-exec-3] INFO  com.quizz.core.ui.QuizListView.loadQuizCards(QuizListView.java:258) - Creating card for quiz: Disney Animation Movies (ID: 18)
2026-01-01 17:09:13.094 [https-jsse-nio-0.0.0.0-8443-exec-3] INFO  com.quizz.core.ui.QuizListView.loadQuizCards(QuizListView.java:258) - Creating card for quiz: Harry Potter (ID: 19)
2026-01-01 17:09:13.094 [https-jsse-nio-0.0.0.0-8443-exec-3] INFO  com.quizz.core.ui.QuizListView.loadQuizCards(QuizListView.java:263) - === Quiz Cards Loading Completed ===
2026-01-01 17:09:13.094 [https-jsse-nio-0.0.0.0-8443-exec-3] INFO  com.quizz.core.ui.QuizListView.<init>(QuizListView.java:126) - Quiz cards loaded
2026-01-01 17:09:13.094 [https-jsse-nio-0.0.0.0-8443-exec-3] INFO  com.quizz.core.ui.QuizListView.<init>(QuizListView.java:131) - === QuizListView Constructor: Completed ===
2026-01-01 17:09:15.563 [https-jsse-nio-0.0.0.0-8443-exec-9] INFO  com.quizz.core.ui.QuizListView.loadQuizCards(QuizListView.java:246) - === QuizListView: Loading Quiz Cards ===
2026-01-01 17:09:15.563 [https-jsse-nio-0.0.0.0-8443-exec-9] INFO  com.quizz.core.ui.QuizListView.loadQuizCards(QuizListView.java:247) - Number of quizzes retrieved: 19
2026-01-01 17:09:15.563 [https-jsse-nio-0.0.0.0-8443-exec-9] INFO  com.quizz.core.ui.QuizListView.loadQuizCards(QuizListView.java:258) - Creating card for quiz: General Knowledge (ID: 1)
2026-01-01 17:09:15.566 [https-jsse-nio-0.0.0.0-8443-exec-9] INFO  com.quizz.core.ui.QuizListView.loadQuizCards(QuizListView.java:258) - Creating card for quiz: Physics (ID: 2)
2026-01-01 17:09:15.566 [https-jsse-nio-0.0.0.0-8443-exec-9] INFO  com.quizz.core.ui.QuizListView.loadQuizCards(QuizListView.java:258) - Creating card for quiz: US Civil War (ID: 3)
2026-01-01 17:09:15.567 [https-jsse-nio-0.0.0.0-8443-exec-9] INFO  com.quizz.core.ui.QuizListView.loadQuizCards(QuizListView.java:258) - Creating card for quiz: Painting (ID: 4)
2026-01-01 17:09:15.567 [https-jsse-nio-0.0.0.0-8443-exec-9] INFO  com.quizz.core.ui.QuizListView.loadQuizCards(QuizListView.java:258) - Creating card for quiz: French Revolution (ID: 5)
2026-01-01 17:09:15.567 [https-jsse-nio-0.0.0.0-8443-exec-9] INFO  com.quizz.core.ui.QuizListView.loadQuizCards(QuizListView.java:258) - Creating card for quiz: French Literature (ID: 6)
2026-01-01 17:09:15.567 [https-jsse-nio-0.0.0.0-8443-exec-9] INFO  com.quizz.core.ui.QuizListView.loadQuizCards(QuizListView.java:258) - Creating card for quiz: Famous Battles (ID: 7)
2026-01-01 17:09:15.567 [https-jsse-nio-0.0.0.0-8443-exec-9] INFO  com.quizz.core.ui.QuizListView.loadQuizCards(QuizListView.java:258) - Creating card for quiz: Famous French Quotes (ID: 8)
2026-01-01 17:09:15.567 [https-jsse-nio-0.0.0.0-8443-exec-9] INFO  com.quizz.core.ui.QuizListView.loadQuizCards(QuizListView.java:258) - Creating card for quiz: French History 1000 (ID: 9)
2026-01-01 17:09:15.567 [https-jsse-nio-0.0.0.0-8443-exec-9] INFO  com.quizz.core.ui.QuizListView.loadQuizCards(QuizListView.java:258) - Creating card for quiz: Europe Quiz (ID: 10)
2026-01-01 17:09:15.575 [https-jsse-nio-0.0.0.0-8443-exec-9] INFO  com.quizz.core.ui.QuizListView.loadQuizCards(QuizListView.java:258) - Creating card for quiz: Japan Quiz - Culture & Geography (ID: 11)
2026-01-01 17:09:15.581 [https-jsse-nio-0.0.0.0-8443-exec-9] INFO  com.quizz.core.ui.QuizListView.loadQuizCards(QuizListView.java:258) - Creating card for quiz: World Cities - Latitude & Longitude (ID: 12)
2026-01-01 17:09:15.583 [https-jsse-nio-0.0.0.0-8443-exec-9] INFO  com.quizz.core.ui.QuizListView.loadQuizCards(QuizListView.java:258) - Creating card for quiz: Periodic Table of Elements - Complete (ID: 13)
2026-01-01 17:09:15.583 [https-jsse-nio-0.0.0.0-8443-exec-9] INFO  com.quizz.core.ui.QuizListView.loadQuizCards(QuizListView.java:258) - Creating card for quiz: Mythology Quiz (ID: 14)
2026-01-01 17:09:15.583 [https-jsse-nio-0.0.0.0-8443-exec-9] INFO  com.quizz.core.ui.QuizListView.loadQuizCards(QuizListView.java:258) - Creating card for quiz: Greek Mythology - Complete (ID: 15)
2026-01-01 17:09:15.583 [https-jsse-nio-0.0.0.0-8443-exec-9] INFO  com.quizz.core.ui.QuizListView.loadQuizCards(QuizListView.java:258) - Creating card for quiz: Game of Thrones - Complete (ID: 16)
2026-01-01 17:09:15.583 [https-jsse-nio-0.0.0.0-8443-exec-9] INFO  com.quizz.core.ui.QuizListView.loadQuizCards(QuizListView.java:258) - Creating card for quiz: Famous Manga Series (ID: 17)
2026-01-01 17:09:15.583 [https-jsse-nio-0.0.0.0-8443-exec-9] INFO  com.quizz.core.ui.QuizListView.loadQuizCards(QuizListView.java:258) - Creating card for quiz: Disney Animation Movies (ID: 18)
2026-01-01 17:09:15.583 [https-jsse-nio-0.0.0.0-8443-exec-9] INFO  com.quizz.core.ui.QuizListView.loadQuizCards(QuizListView.java:258) - Creating card for quiz: Harry Potter (ID: 19)
2026-01-01 17:09:15.583 [https-jsse-nio-0.0.0.0-8443-exec-9] INFO  com.quizz.core.ui.QuizListView.loadQuizCards(QuizListView.java:263) - === Quiz Cards Loading Completed ===
2026-01-01 17:09:16.689 [https-jsse-nio-0.0.0.0-8443-exec-7] INFO  com.quizz.core.ui.QuizQuestionView.beforeEnter(QuizQuestionView.java:339) - Starting quiz - ID: 19, Total questions: 5, Selected questions: 5, seed: 831409637561500
2026-01-01 17:09:16.689 [https-jsse-nio-0.0.0.0-8443-exec-7] INFO  com.quizz.core.ui.QuizQuestionView.startTimer(QuizQuestionView.java:410) - Starting new timer - timerId: 1767283756689 runId: 1
2026-01-01 17:09:31.578 [https-jsse-nio-0.0.0.0-8443-exec-5] INFO  com.quizz.core.ui.QuizQuestionView.showNextQuestion(QuizQuestionView.java:645) - QUESTION LOGGED - User: charles.darwin@public.quiz, Quiz: Harry Potter, Question ID: 8411, Question: Sort d'ouverture  (Question 114) ?, Correct Answer: Alohomora, User Answer: Reducto, Options: [Alohomora, Bombarda, Reducto, Reparo]
2026-01-01 17:09:31.707 [https-jsse-nio-0.0.0.0-8443-exec-8] INFO  com.quizz.core.ui.QuizQuestionView.showNextQuestion(QuizQuestionView.java:645) - QUESTION LOGGED - User: charles.darwin@public.quiz, Quiz: Harry Potter, Question ID: 8411, Question: Sort d'ouverture  (Question 114) ?, Correct Answer: Alohomora, User Answer: Reducto, Options: [Alohomora, Bombarda, Reducto, Reparo]
2026-01-01 17:09:47.512 [https-jsse-nio-0.0.0.0-8443-exec-8] INFO  com.quizz.core.ui.QuizQuestionView.showNextQuestion(QuizQuestionView.java:645) - QUESTION LOGGED - User: charles.darwin@public.quiz, Quiz: Harry Potter, Question ID: 8457, Question: Ennemi juré de Harry  (Question 160) ?, Correct Answer: Drago Malefoy, User Answer: Pansy Parkinson, Options: [Drago Malefoy, Crabbe, Goyle, Pansy Parkinson]
2026-01-01 17:10:02.996 [https-jsse-nio-0.0.0.0-8443-exec-3] INFO  com.quizz.core.ui.QuizQuestionView.showNextQuestion(QuizQuestionView.java:645) - QUESTION LOGGED - User: charles.darwin@public.quiz, Quiz: Harry Potter, Question ID: 8449, Question: Qui est l'auteur de Harry Potter  (Question 152) ?, Correct Answer: J.K. Rowling, User Answer: C.S. Lewis, Options: [J.K. Rowling, J.R.R. Tolkien, C.S. Lewis, George R.R. Martin]
2026-01-01 17:10:03.096 [https-jsse-nio-0.0.0.0-8443-exec-5] INFO  com.quizz.core.ui.QuizQuestionView.showNextQuestion(QuizQuestionView.java:645) - QUESTION LOGGED - User: charles.darwin@public.quiz, Quiz: Harry Potter, Question ID: 8449, Question: Qui est l'auteur de Harry Potter  (Question 152) ?, Correct Answer: J.K. Rowling, User Answer: C.S. Lewis, Options: [J.K. Rowling, J.R.R. Tolkien, C.S. Lewis, George R.R. Martin]
2026-01-01 17:10:12.720 [https-jsse-nio-0.0.0.0-8443-exec-1] INFO  com.quizz.core.ui.QuizQuestionView.showNextQuestion(QuizQuestionView.java:645) - QUESTION LOGGED - User: charles.darwin@public.quiz, Quiz: Harry Potter, Question ID: 8861, Question: Sort d'ouverture  (Question 564) ?, Correct Answer: Alohomora, User Answer: Reparo, Options: [Alohomora, Bombarda, Reducto, Reparo]
2026-01-01 17:10:25.583 [https-jsse-nio-0.0.0.0-8443-exec-9] INFO  com.quizz.core.ui.QuizListView.<init>(QuizListView.java:56) - === QuizListView Constructor: Starting ===
2026-01-01 17:10:25.583 [https-jsse-nio-0.0.0.0-8443-exec-9] INFO  com.quizz.core.ui.QuizListView.<init>(QuizListView.java:62) - Services injected successfully
2026-01-01 17:10:25.583 [https-jsse-nio-0.0.0.0-8443-exec-9] INFO  com.quizz.core.ui.QuizListView.<init>(QuizListView.java:122) - UI components created, about to load quiz cards...
2026-01-01 17:10:25.583 [https-jsse-nio-0.0.0.0-8443-exec-9] INFO  com.quizz.core.ui.QuizListView.loadQuizCards(QuizListView.java:246) - === QuizListView: Loading Quiz Cards ===
2026-01-01 17:10:25.583 [https-jsse-nio-0.0.0.0-8443-exec-9] INFO  com.quizz.core.ui.QuizListView.loadQuizCards(QuizListView.java:247) - Number of quizzes retrieved: 19
2026-01-01 17:10:25.583 [https-jsse-nio-0.0.0.0-8443-exec-9] INFO  com.quizz.core.ui.QuizListView.loadQuizCards(QuizListView.java:258) - Creating card for quiz: General Knowledge (ID: 1)
2026-01-01 17:10:25.583 [https-jsse-nio-0.0.0.0-8443-exec-9] INFO  com.quizz.core.ui.QuizListView.loadQuizCards(QuizListView.java:258) - Creating card for quiz: Physics (ID: 2)
2026-01-01 17:10:25.592 [https-jsse-nio-0.0.0.0-8443-exec-9] INFO  com.quizz.core.ui.QuizListView.loadQuizCards(QuizListView.java:258) - Creating card for quiz: US Civil War (ID: 3)
2026-01-01 17:10:25.592 [https-jsse-nio-0.0.0.0-8443-exec-9] INFO  com.quizz.core.ui.QuizListView.loadQuizCards(QuizListView.java:258) - Creating card for quiz: Painting (ID: 4)
2026-01-01 17:10:25.592 [https-jsse-nio-0.0.0.0-8443-exec-9] INFO  com.quizz.core.ui.QuizListView.loadQuizCards(QuizListView.java:258) - Creating card for quiz: French Revolution (ID: 5)
2026-01-01 17:10:25.592 [https-jsse-nio-0.0.0.0-8443-exec-9] INFO  com.quizz.core.ui.QuizListView.loadQuizCards(QuizListView.java:258) - Creating card for quiz: French Literature (ID: 6)
2026-01-01 17:10:25.594 [https-jsse-nio-0.0.0.0-8443-exec-9] INFO  com.quizz.core.ui.QuizListView.loadQuizCards(QuizListView.java:258) - Creating card for quiz: Famous Battles (ID: 7)
2026-01-01 17:10:25.594 [https-jsse-nio-0.0.0.0-8443-exec-9] INFO  com.quizz.core.ui.QuizListView.loadQuizCards(QuizListView.java:258) - Creating card for quiz: Famous French Quotes (ID: 8)
2026-01-01 17:10:25.594 [https-jsse-nio-0.0.0.0-8443-exec-9] INFO  com.quizz.core.ui.QuizListView.loadQuizCards(QuizListView.java:258) - Creating card for quiz: French History 1000 (ID: 9)
2026-01-01 17:10:25.594 [https-jsse-nio-0.0.0.0-8443-exec-9] INFO  com.quizz.core.ui.QuizListView.loadQuizCards(QuizListView.java:258) - Creating card for quiz: Europe Quiz (ID: 10)
2026-01-01 17:10:25.594 [https-jsse-nio-0.0.0.0-8443-exec-9] INFO  com.quizz.core.ui.QuizListView.loadQuizCards(QuizListView.java:258) - Creating card for quiz: Japan Quiz - Culture & Geography (ID: 11)
2026-01-01 17:10:25.594 [https-jsse-nio-0.0.0.0-8443-exec-9] INFO  com.quizz.core.ui.QuizListView.loadQuizCards(QuizListView.java:258) - Creating card for quiz: World Cities - Latitude & Longitude (ID: 12)
2026-01-01 17:10:25.596 [https-jsse-nio-0.0.0.0-8443-exec-9] INFO  com.quizz.core.ui.QuizListView.loadQuizCards(QuizListView.java:258) - Creating card for quiz: Periodic Table of Elements - Complete (ID: 13)
2026-01-01 17:10:25.596 [https-jsse-nio-0.0.0.0-8443-exec-9] INFO  com.quizz.core.ui.QuizListView.loadQuizCards(QuizListView.java:258) - Creating card for quiz: Mythology Quiz (ID: 14)
2026-01-01 17:10:25.596 [https-jsse-nio-0.0.0.0-8443-exec-9] INFO  com.quizz.core.ui.QuizListView.loadQuizCards(QuizListView.java:258) - Creating card for quiz: Greek Mythology - Complete (ID: 15)
2026-01-01 17:10:25.596 [https-jsse-nio-0.0.0.0-8443-exec-9] INFO  com.quizz.core.ui.QuizListView.loadQuizCards(QuizListView.java:258) - Creating card for quiz: Game of Thrones - Complete (ID: 16)
2026-01-01 17:10:25.596 [https-jsse-nio-0.0.0.0-8443-exec-9] INFO  com.quizz.core.ui.QuizListView.loadQuizCards(QuizListView.java:258) - Creating card for quiz: Famous Manga Series (ID: 17)
2026-01-01 17:10:25.596 [https-jsse-nio-0.0.0.0-8443-exec-9] INFO  com.quizz.core.ui.QuizListView.loadQuizCards(QuizListView.java:258) - Creating card for quiz: Disney Animation Movies (ID: 18)
2026-01-01 17:10:25.598 [https-jsse-nio-0.0.0.0-8443-exec-9] INFO  com.quizz.core.ui.QuizListView.loadQuizCards(QuizListView.java:258) - Creating card for quiz: Harry Potter (ID: 19)
2026-01-01 17:10:25.599 [https-jsse-nio-0.0.0.0-8443-exec-9] INFO  com.quizz.core.ui.QuizListView.loadQuizCards(QuizListView.java:263) - === Quiz Cards Loading Completed ===
2026-01-01 17:10:25.599 [https-jsse-nio-0.0.0.0-8443-exec-9] INFO  com.quizz.core.ui.QuizListView.<init>(QuizListView.java:126) - Quiz cards loaded
2026-01-01 17:10:25.599 [https-jsse-nio-0.0.0.0-8443-exec-9] INFO  com.quizz.core.ui.QuizListView.<init>(QuizListView.java:131) - === QuizListView Constructor: Completed ===
2026-01-01 17:42:37.779 [background-preinit] INFO  o.h.validator.internal.util.Version.<clinit>(Version.java:21) - HV000001: Hibernate Validator 8.0.3.Final
2026-01-01 17:42:37.827 [main] INFO  com.quizz.Application.logStarting(StartupInfoLogger.java:53) - Starting Application using Java 23.0.2 with PID 27408 (C:\Users\athom\IdeaProjects\quizz1\target\classes started by athom in C:\Users\athom\IdeaProjects\quizz1)
2026-01-01 17:42:37.827 [main] INFO  com.quizz.Application.logStartupProfileInfo(SpringApplication.java:652) - No active profile set, falling back to 1 default profile: "default"
2026-01-01 17:42:38.621 [main] INFO  o.s.d.r.c.RepositoryConfigurationDelegate.registerRepositoriesIn(RepositoryConfigurationDelegate.java:145) - Bootstrapping Spring Data JPA repositories in DEFAULT mode.
2026-01-01 17:42:38.747 [main] INFO  o.s.d.r.c.RepositoryConfigurationDelegate.registerRepositoriesIn(RepositoryConfigurationDelegate.java:213) - Finished Spring Data repository scanning in 116 ms. Found 8 JPA repository interfaces.
2026-01-01 17:42:39.284 [main] INFO  o.s.b.w.e.tomcat.TomcatWebServer.initialize(TomcatWebServer.java:111) - Tomcat initialized with port 8443 (https)
2026-01-01 17:42:39.292 [main] INFO  o.a.coyote.http11.Http11NioProtocol.log(DirectJDKLog.java:168) - Initializing ProtocolHandler ["https-jsse-nio-0.0.0.0-8443"]
2026-01-01 17:42:39.292 [main] INFO  o.a.catalina.core.StandardService.log(DirectJDKLog.java:168) - Starting service [Tomcat]
2026-01-01 17:42:39.292 [main] INFO  o.a.catalina.core.StandardEngine.log(DirectJDKLog.java:168) - Starting Servlet engine: [Apache Tomcat/10.1.49]
2026-01-01 17:42:39.429 [main] INFO  o.a.c.c.C.[Tomcat].[localhost].[/].log(DirectJDKLog.java:168) - Initializing Spring embedded WebApplicationContext
2026-01-01 17:42:39.429 [main] INFO  o.s.b.w.s.c.ServletWebServerApplicationContext.prepareWebApplicationContext(ServletWebServerApplicationContext.java:301) - Root WebApplicationContext: initialization completed in 1548 ms
2026-01-01 17:42:39.571 [main] INFO  o.a.c.c.C.[Tomcat].[localhost].[/].log(DirectJDKLog.java:168) - Initializing AtmosphereFramework
2026-01-01 17:42:39.856 [main] INFO  o.h.jpa.internal.util.LogHelper.logPersistenceUnitInformation(LogHelper.java:31) - HHH000204: Processing PersistenceUnitInfo [name: default]
2026-01-01 17:42:39.889 [main] INFO  org.hibernate.Version.logVersion(Version.java:44) - HHH000412: Hibernate ORM core version 6.6.36.Final
2026-01-01 17:42:39.904 [main] INFO  o.h.c.i.RegionFactoryInitiator.initiateService(RegionFactoryInitiator.java:50) - HHH000026: Second-level cache disabled
2026-01-01 17:42:40.096 [main] INFO  o.s.o.j.p.SpringPersistenceUnitInfo.addTransformer(SpringPersistenceUnitInfo.java:87) - No LoadTimeWeaver setup: ignoring JPA class transformer
2026-01-01 17:42:40.111 [main] INFO  com.zaxxer.hikari.HikariDataSource.getConnection(HikariDataSource.java:109) - HikariPool-1 - Starting...
2026-01-01 17:42:40.272 [main] INFO  com.zaxxer.hikari.pool.HikariPool.checkFailFast(HikariPool.java:580) - HikariPool-1 - Added connection conn0: url=jdbc:h2:mem:ced4f0b5-35e9-46de-9428-360990a18ed6 user=SA
2026-01-01 17:42:40.272 [main] INFO  com.zaxxer.hikari.HikariDataSource.getConnection(HikariDataSource.java:122) - HikariPool-1 - Start completed.
2026-01-01 17:42:40.322 [main] INFO  o.hibernate.orm.connections.pooling.logConnectionInfo(JdbcEnvironmentInitiator.java:163) - HHH10001005: Database info:
	Database JDBC URL [Connecting through datasource 'HikariDataSource (HikariPool-1)']
	Database driver: undefined/unknown
	Database version: 2.3.232
	Autocommit mode: undefined/unknown
	Isolation level: undefined/unknown
	Minimum pool size: undefined/unknown
	Maximum pool size: undefined/unknown
2026-01-01 17:42:41.269 [main] INFO  o.h.e.t.j.p.i.JtaPlatformInitiator.initiateService(JtaPlatformInitiator.java:59) - HHH000489: No JTA platform available (set 'hibernate.transaction.jta.platform' to enable JTA platform integration)
2026-01-01 17:42:41.409 [main] INFO  o.s.o.j.LocalContainerEntityManagerFactoryBean.buildNativeEntityManagerFactory(AbstractEntityManagerFactoryBean.java:447) - Initialized JPA EntityManagerFactory for persistence unit 'default'
2026-01-01 17:42:41.702 [main] INFO  o.s.d.j.r.query.QueryEnhancerFactory.<clinit>(QueryEnhancerFactory.java:49) - Hibernate is in classpath; If applicable, HQL parser will be used.
2026-01-01 17:42:42.065 [main] INFO  com.quizz.core.QuizDataInitializer.init(QuizDataInitializer.java:32) - === QuizDataInitializer: Starting initialization check ===
2026-01-01 17:42:42.126 [main] INFO  com.quizz.core.QuizDataInitializer.init(QuizDataInitializer.java:36) - Found 0 existing quizzes in database
2026-01-01 17:42:42.126 [main] INFO  com.quizz.core.QuizDataInitializer.init(QuizDataInitializer.java:39) - No quizzes found - initializing quiz data from JSON file...
2026-01-01 17:42:42.126 [main] INFO  com.quizz.core.QuizDataInitializer.initializeQuizData(QuizDataInitializer.java:56) - Starting to load quiz data from quiz-questions.json...
2026-01-01 17:42:42.126 [main] INFO  com.quizz.core.QuizDataInitializer.initializeQuizData(QuizDataInitializer.java:64) - Resource exists: false
2026-01-01 17:42:42.126 [main] INFO  com.quizz.core.QuizDataInitializer.initializeQuizData(QuizDataInitializer.java:65) - Resource path: tools/quiz-questions.json
2026-01-01 17:42:42.126 [main] ERROR com.quizz.core.QuizDataInitializer.initializeQuizData(QuizDataInitializer.java:117) - === FAILED TO INITIALIZE QUIZ DATA ===
java.io.FileNotFoundException: class path resource [tools/quiz-questions.json] cannot be opened because it does not exist
	at org.springframework.core.io.ClassPathResource.getInputStream(ClassPathResource.java:215)
	at com.quizz.core.QuizDataInitializer.initializeQuizData(QuizDataInitializer.java:67)
	at com.quizz.core.QuizDataInitializer.init(QuizDataInitializer.java:40)
	at java.base/jdk.internal.reflect.DirectMethodHandleAccessor.invoke(DirectMethodHandleAccessor.java:103)
	at java.base/java.lang.reflect.Method.invoke(Method.java:580)
	at org.springframework.beans.factory.annotation.InitDestroyAnnotationBeanPostProcessor$LifecycleMethod.invoke(InitDestroyAnnotationBeanPostProcessor.java:457)
	at org.springframework.beans.factory.annotation.InitDestroyAnnotationBeanPostProcessor$LifecycleMetadata.invokeInitMethods(InitDestroyAnnotationBeanPostProcessor.java:401)
	at org.springframework.beans.factory.annotation.InitDestroyAnnotationBeanPostProcessor.postProcessBeforeInitialization(InitDestroyAnnotationBeanPostProcessor.java:219)
	at org.springframework.beans.factory.support.AbstractAutowireCapableBeanFactory.applyBeanPostProcessorsBeforeInitialization(AbstractAutowireCapableBeanFactory.java:429)
	at org.springframework.beans.factory.support.AbstractAutowireCapableBeanFactory.initializeBean(AbstractAutowireCapableBeanFactory.java:1818)
	at org.springframework.beans.factory.support.AbstractAutowireCapableBeanFactory.doCreateBean(AbstractAutowireCapableBeanFactory.java:607)
	at org.springframework.beans.factory.support.AbstractAutowireCapableBeanFactory.createBean(AbstractAutowireCapableBeanFactory.java:529)
	at org.springframework.beans.factory.support.AbstractBeanFactory.lambda$doGetBean$0(AbstractBeanFactory.java:339)
	at org.springframework.beans.factory.support.DefaultSingletonBeanRegistry.getSingleton(DefaultSingletonBeanRegistry.java:373)
	at org.springframework.beans.factory.support.AbstractBeanFactory.doGetBean(AbstractBeanFactory.java:337)
	at org.springframework.beans.factory.support.AbstractBeanFactory.getBean(AbstractBeanFactory.java:202)
	at org.springframework.beans.factory.support.DefaultListableBeanFactory.instantiateSingleton(DefaultListableBeanFactory.java:1228)
	at org.springframework.beans.factory.support.DefaultListableBeanFactory.preInstantiateSingleton(DefaultListableBeanFactory.java:1194)
	at org.springframework.beans.factory.support.DefaultListableBeanFactory.preInstantiateSingletons(DefaultListableBeanFactory.java:1130)
	at org.springframework.context.support.AbstractApplicationContext.finishBeanFactoryInitialization(AbstractApplicationContext.java:990)
	at org.springframework.context.support.AbstractApplicationContext.refresh(AbstractApplicationContext.java:627)
	at org.springframework.boot.web.servlet.context.ServletWebServerApplicationContext.refresh(ServletWebServerApplicationContext.java:146)
	at org.springframework.boot.SpringApplication.refresh(SpringApplication.java:752)
	at org.springframework.boot.SpringApplication.refreshContext(SpringApplication.java:439)
	at org.springframework.boot.SpringApplication.run(SpringApplication.java:318)
	at org.springframework.boot.SpringApplication.run(SpringApplication.java:1361)
	at org.springframework.boot.SpringApplication.run(SpringApplication.java:1350)
	at com.quizz.Application.main(Application.java:16)
2026-01-01 17:42:42.126 [main] ERROR com.quizz.core.QuizDataInitializer.initializeQuizData(QuizDataInitializer.java:118) - Error message: class path resource [tools/quiz-questions.json] cannot be opened because it does not exist
2026-01-01 17:42:42.126 [main] ERROR com.quizz.core.QuizDataInitializer.initializeQuizData(QuizDataInitializer.java:119) - Error type: java.io.FileNotFoundException
2026-01-01 17:42:42.126 [main] INFO  com.quizz.core.QuizDataInitializer.init(QuizDataInitializer.java:51) - === QuizDataInitializer: Initialization check completed ===
2026-01-01 17:42:42.522 [main] WARN  o.s.b.a.o.j.JpaBaseConfiguration$JpaWebConfiguration.openEntityManagerInViewInterceptor(JpaBaseConfiguration.java:258) - spring.jpa.open-in-view is enabled by default. Therefore, database queries may be performed during view rendering. Explicitly configure spring.jpa.open-in-view to disable this warning
2026-01-01 17:42:43.034 [main] INFO  o.a.coyote.http11.Http11NioProtocol.log(DirectJDKLog.java:168) - Starting ProtocolHandler ["https-jsse-nio-0.0.0.0-8443"]
2026-01-01 17:42:43.209 [main] INFO  o.a.t.u.net.NioEndpoint.certificate.log(DirectJDKLog.java:168) - Connector [https-jsse-nio-0.0.0.0-8443], TLS virtual host [_default_], certificate type [UNDEFINED] configured from keystore [C:\Users\athom\.keystore] using alias [quiz-app] with trust store [null]
2026-01-01 17:42:43.430 [https-jsse-nio-0.0.0.0-8443-exec-6] INFO  o.a.c.c.C.[Tomcat].[localhost].[/].log(DirectJDKLog.java:168) - Initializing Spring DispatcherServlet 'dispatcherServlet'
2026-01-01 17:42:43.430 [https-jsse-nio-0.0.0.0-8443-exec-6] INFO  o.s.web.servlet.DispatcherServlet.initServletBean(FrameworkServlet.java:532) - Initializing Servlet 'dispatcherServlet'
2026-01-01 17:42:43.430 [https-jsse-nio-0.0.0.0-8443-exec-6] INFO  o.s.web.servlet.DispatcherServlet.initServletBean(FrameworkServlet.java:554) - Completed initialization in 0 ms
2026-01-01 17:42:43.462 [https-jsse-nio-0.0.0.0-8443-exec-6] INFO  c.v.f.s.DefaultDeploymentConfiguration.logMessages(DefaultDeploymentConfiguration.java:166) - Vaadin is running in production mode.
2026-01-01 17:42:43.478 [https-jsse-nio-0.0.0.0-8443-exec-6] INFO  c.v.flow.spring.SpringInstantiator.getI18NProvider(SpringInstantiator.java:101) - The number of beans implementing 'I18NProvider' is 0. Cannot use Spring beans for I18N, falling back to the default behavior
2026-01-01 17:42:46.103 [main] INFO  o.s.b.w.e.tomcat.TomcatWebServer.start(TomcatWebServer.java:243) - Tomcat started on port 8443 (https) with context path '/'
2026-01-01 17:42:46.116 [main] INFO  com.quizz.Application.logStarted(StartupInfoLogger.java:59) - Started Application in 8.765 seconds (process running for 9.139)
2026-01-01 17:42:46.565 [main] INFO  com.quizz.core.DataInitializer.createAdminUser(DataInitializer.java:54) - Default admin user created: administrateur@quiz.admin / quizz2025!!
2026-01-01 17:42:48.193 [main] INFO  com.quizz.core.DataInitializer.createPublicUsers(DataInitializer.java:203) - Created 20 public users...
2026-01-01 17:42:48.709 [https-jsse-nio-0.0.0.0-8443-exec-1] WARN  c.q.core.service.TranslationService.translate(TranslationService.java:27) - Translation key 'Question Logs' not found for locale fr_FR, falling back to English
2026-01-01 17:42:48.719 [https-jsse-nio-0.0.0.0-8443-exec-1] ERROR c.q.core.service.TranslationService.translate(TranslationService.java:33) - Translation key 'Question Logs' not found even in English fallback
2026-01-01 17:42:50.285 [main] INFO  com.quizz.core.DataInitializer.createPublicUsers(DataInitializer.java:203) - Created 40 public users...
2026-01-01 17:42:52.110 [main] INFO  com.quizz.core.DataInitializer.createPublicUsers(DataInitializer.java:203) - Created 60 public users...
2026-01-01 17:42:53.945 [main] INFO  com.quizz.core.DataInitializer.createPublicUsers(DataInitializer.java:203) - Created 80 public users...
2026-01-01 17:42:55.463 [main] INFO  com.quizz.core.DataInitializer.createPublicUsers(DataInitializer.java:210) - Public users initialization complete: 99 created, 0 skipped (already exist)
2026-01-01 17:44:16.089 [background-preinit] INFO  o.h.validator.internal.util.Version.<clinit>(Version.java:21) - HV000001: Hibernate Validator 8.0.3.Final
2026-01-01 17:44:16.135 [main] INFO  com.quizz.Application.logStarting(StartupInfoLogger.java:53) - Starting Application using Java 23.0.2 with PID 25400 (C:\Users\athom\IdeaProjects\quizz1\target\classes started by athom in C:\Users\athom\IdeaProjects\quizz1)
2026-01-01 17:44:16.135 [main] INFO  com.quizz.Application.logStartupProfileInfo(SpringApplication.java:652) - No active profile set, falling back to 1 default profile: "default"
2026-01-01 17:44:16.986 [main] INFO  o.s.d.r.c.RepositoryConfigurationDelegate.registerRepositoriesIn(RepositoryConfigurationDelegate.java:145) - Bootstrapping Spring Data JPA repositories in DEFAULT mode.
2026-01-01 17:44:17.124 [main] INFO  o.s.d.r.c.RepositoryConfigurationDelegate.registerRepositoriesIn(RepositoryConfigurationDelegate.java:213) - Finished Spring Data repository scanning in 126 ms. Found 8 JPA repository interfaces.
2026-01-01 17:44:17.654 [main] INFO  o.s.b.w.e.tomcat.TomcatWebServer.initialize(TomcatWebServer.java:111) - Tomcat initialized with port 8443 (https)
2026-01-01 17:44:17.670 [main] INFO  o.a.coyote.http11.Http11NioProtocol.log(DirectJDKLog.java:168) - Initializing ProtocolHandler ["https-jsse-nio-0.0.0.0-8443"]
2026-01-01 17:44:17.686 [main] INFO  o.a.catalina.core.StandardService.log(DirectJDKLog.java:168) - Starting service [Tomcat]
2026-01-01 17:44:17.686 [main] INFO  o.a.catalina.core.StandardEngine.log(DirectJDKLog.java:168) - Starting Servlet engine: [Apache Tomcat/10.1.49]
2026-01-01 17:44:17.797 [main] INFO  o.a.c.c.C.[Tomcat].[localhost].[/].log(DirectJDKLog.java:168) - Initializing Spring embedded WebApplicationContext
2026-01-01 17:44:17.797 [main] INFO  o.s.b.w.s.c.ServletWebServerApplicationContext.prepareWebApplicationContext(ServletWebServerApplicationContext.java:301) - Root WebApplicationContext: initialization completed in 1587 ms
2026-01-01 17:44:17.966 [main] INFO  o.a.c.c.C.[Tomcat].[localhost].[/].log(DirectJDKLog.java:168) - Initializing AtmosphereFramework
2026-01-01 17:44:18.316 [main] INFO  o.h.jpa.internal.util.LogHelper.logPersistenceUnitInformation(LogHelper.java:31) - HHH000204: Processing PersistenceUnitInfo [name: default]
2026-01-01 17:44:18.369 [main] INFO  org.hibernate.Version.logVersion(Version.java:44) - HHH000412: Hibernate ORM core version 6.6.36.Final
2026-01-01 17:44:18.385 [main] INFO  o.h.c.i.RegionFactoryInitiator.initiateService(RegionFactoryInitiator.java:50) - HHH000026: Second-level cache disabled
2026-01-01 17:44:18.576 [main] INFO  o.s.o.j.p.SpringPersistenceUnitInfo.addTransformer(SpringPersistenceUnitInfo.java:87) - No LoadTimeWeaver setup: ignoring JPA class transformer
2026-01-01 17:44:18.608 [main] INFO  com.zaxxer.hikari.HikariDataSource.getConnection(HikariDataSource.java:109) - HikariPool-1 - Starting...
2026-01-01 17:44:18.735 [main] INFO  com.zaxxer.hikari.pool.HikariPool.checkFailFast(HikariPool.java:580) - HikariPool-1 - Added connection conn0: url=jdbc:h2:mem:5e8443bf-6e51-4e60-a415-b63cf76c2858 user=SA
2026-01-01 17:44:18.735 [main] INFO  com.zaxxer.hikari.HikariDataSource.getConnection(HikariDataSource.java:122) - HikariPool-1 - Start completed.
2026-01-01 17:44:18.767 [main] INFO  o.hibernate.orm.connections.pooling.logConnectionInfo(JdbcEnvironmentInitiator.java:163) - HHH10001005: Database info:
	Database JDBC URL [Connecting through datasource 'HikariDataSource (HikariPool-1)']
	Database driver: undefined/unknown
	Database version: 2.3.232
	Autocommit mode: undefined/unknown
	Isolation level: undefined/unknown
	Minimum pool size: undefined/unknown
	Maximum pool size: undefined/unknown
2026-01-01 17:44:19.895 [main] INFO  o.h.e.t.j.p.i.JtaPlatformInitiator.initiateService(JtaPlatformInitiator.java:59) - HHH000489: No JTA platform available (set 'hibernate.transaction.jta.platform' to enable JTA platform integration)
2026-01-01 17:44:19.959 [main] INFO  o.s.o.j.LocalContainerEntityManagerFactoryBean.buildNativeEntityManagerFactory(AbstractEntityManagerFactoryBean.java:447) - Initialized JPA EntityManagerFactory for persistence unit 'default'
2026-01-01 17:44:20.215 [main] INFO  o.s.d.j.r.query.QueryEnhancerFactory.<clinit>(QueryEnhancerFactory.java:49) - Hibernate is in classpath; If applicable, HQL parser will be used.
2026-01-01 17:44:20.572 [main] INFO  com.quizz.core.QuizDataInitializer.init(QuizDataInitializer.java:32) - === QuizDataInitializer: Starting initialization check ===
2026-01-01 17:44:20.643 [main] INFO  com.quizz.core.QuizDataInitializer.init(QuizDataInitializer.java:36) - Found 0 existing quizzes in database
2026-01-01 17:44:20.643 [main] INFO  com.quizz.core.QuizDataInitializer.init(QuizDataInitializer.java:39) - No quizzes found - initializing quiz data from JSON file...
2026-01-01 17:44:20.643 [main] INFO  com.quizz.core.QuizDataInitializer.initializeQuizData(QuizDataInitializer.java:56) - Starting to load quiz data from quiz-questions.json...
2026-01-01 17:44:20.643 [main] INFO  com.quizz.core.QuizDataInitializer.initializeQuizData(QuizDataInitializer.java:64) - Resource exists: true
2026-01-01 17:44:20.643 [main] INFO  com.quizz.core.QuizDataInitializer.initializeQuizData(QuizDataInitializer.java:65) - Resource path: quiz-questions.json
2026-01-01 17:44:20.753 [main] INFO  com.quizz.core.QuizDataInitializer.initializeQuizData(QuizDataInitializer.java:69) - Successfully parsed JSON file. Found 20 quizzes
2026-01-01 17:44:20.753 [main] INFO  com.quizz.core.QuizDataInitializer.initializeQuizData(QuizDataInitializer.java:76) - Processing quiz #1: 'General Knowledge' with 10 questions
2026-01-01 17:44:20.801 [main] INFO  com.quizz.core.QuizDataInitializer.initializeQuizData(QuizDataInitializer.java:83) - Quiz 'General Knowledge' saved with ID: 1
2026-01-01 17:44:20.944 [main] INFO  com.quizz.core.QuizDataInitializer.initializeQuizData(QuizDataInitializer.java:111) - Quiz 'General Knowledge' initialized with 10 questions
2026-01-01 17:44:20.944 [main] INFO  com.quizz.core.QuizDataInitializer.initializeQuizData(QuizDataInitializer.java:76) - Processing quiz #2: 'Physics' with 10 questions
2026-01-01 17:44:20.944 [main] INFO  com.quizz.core.QuizDataInitializer.initializeQuizData(QuizDataInitializer.java:83) - Quiz 'Physics' saved with ID: 2
2026-01-01 17:44:21.007 [main] INFO  com.quizz.core.QuizDataInitializer.initializeQuizData(QuizDataInitializer.java:111) - Quiz 'Physics' initialized with 10 questions
2026-01-01 17:44:21.007 [main] INFO  com.quizz.core.QuizDataInitializer.initializeQuizData(QuizDataInitializer.java:76) - Processing quiz #3: 'US Civil War' with 100 questions
2026-01-01 17:44:21.007 [main] INFO  com.quizz.core.QuizDataInitializer.initializeQuizData(QuizDataInitializer.java:83) - Quiz 'US Civil War' saved with ID: 3
2026-01-01 17:44:21.343 [main] INFO  com.quizz.core.QuizDataInitializer.initializeQuizData(QuizDataInitializer.java:107) -   - Processed 50 questions...
2026-01-01 17:44:21.407 [main] INFO  com.quizz.core.QuizDataInitializer.initializeQuizData(QuizDataInitializer.java:107) -   - Processed 100 questions...
2026-01-01 17:44:21.407 [main] INFO  com.quizz.core.QuizDataInitializer.initializeQuizData(QuizDataInitializer.java:111) - Quiz 'US Civil War' initialized with 100 questions
2026-01-01 17:44:21.407 [main] INFO  com.quizz.core.QuizDataInitializer.initializeQuizData(QuizDataInitializer.java:76) - Processing quiz #4: 'Painting' with 10 questions
2026-01-01 17:44:21.407 [main] INFO  com.quizz.core.QuizDataInitializer.initializeQuizData(QuizDataInitializer.java:83) - Quiz 'Painting' saved with ID: 4
2026-01-01 17:44:21.455 [main] INFO  com.quizz.core.QuizDataInitializer.initializeQuizData(QuizDataInitializer.java:111) - Quiz 'Painting' initialized with 10 questions
2026-01-01 17:44:21.455 [main] INFO  com.quizz.core.QuizDataInitializer.initializeQuizData(QuizDataInitializer.java:76) - Processing quiz #5: 'French Revolution' with 1000 questions
2026-01-01 17:44:21.456 [main] INFO  com.quizz.core.QuizDataInitializer.initializeQuizData(QuizDataInitializer.java:83) - Quiz 'French Revolution' saved with ID: 5
2026-01-01 17:44:21.503 [main] INFO  com.quizz.core.QuizDataInitializer.initializeQuizData(QuizDataInitializer.java:107) -   - Processed 50 questions...
2026-01-01 17:44:21.564 [main] INFO  com.quizz.core.QuizDataInitializer.initializeQuizData(QuizDataInitializer.java:107) -   - Processed 100 questions...
2026-01-01 17:44:21.659 [main] INFO  com.quizz.core.QuizDataInitializer.initializeQuizData(QuizDataInitializer.java:107) -   - Processed 150 questions...
2026-01-01 17:44:21.675 [main] INFO  com.quizz.core.QuizDataInitializer.initializeQuizData(QuizDataInitializer.java:107) -   - Processed 200 questions...
2026-01-01 17:44:21.707 [main] INFO  com.quizz.core.QuizDataInitializer.initializeQuizData(QuizDataInitializer.java:107) -   - Processed 250 questions...
2026-01-01 17:44:21.755 [main] INFO  com.quizz.core.QuizDataInitializer.initializeQuizData(QuizDataInitializer.java:107) -   - Processed 300 questions...
2026-01-01 17:44:21.781 [main] INFO  com.quizz.core.QuizDataInitializer.initializeQuizData(QuizDataInitializer.java:107) -   - Processed 350 questions...
2026-01-01 17:44:21.851 [main] INFO  com.quizz.core.QuizDataInitializer.initializeQuizData(QuizDataInitializer.java:107) -   - Processed 400 questions...
2026-01-01 17:44:21.867 [main] INFO  com.quizz.core.QuizDataInitializer.initializeQuizData(QuizDataInitializer.java:107) -   - Processed 450 questions...
2026-01-01 17:44:21.885 [main] INFO  com.quizz.core.QuizDataInitializer.initializeQuizData(QuizDataInitializer.java:107) -   - Processed 500 questions...
2026-01-01 17:44:21.899 [main] INFO  com.quizz.core.QuizDataInitializer.initializeQuizData(QuizDataInitializer.java:107) -   - Processed 550 questions...
2026-01-01 17:44:21.915 [main] INFO  com.quizz.core.QuizDataInitializer.initializeQuizData(QuizDataInitializer.java:107) -   - Processed 600 questions...
2026-01-01 17:44:21.915 [main] INFO  com.quizz.core.QuizDataInitializer.initializeQuizData(QuizDataInitializer.java:107) -   - Processed 650 questions...
2026-01-01 17:44:21.931 [main] INFO  com.quizz.core.QuizDataInitializer.initializeQuizData(QuizDataInitializer.java:107) -   - Processed 700 questions...
2026-01-01 17:44:21.946 [main] INFO  com.quizz.core.QuizDataInitializer.initializeQuizData(QuizDataInitializer.java:107) -   - Processed 750 questions...
2026-01-01 17:44:21.962 [main] INFO  com.quizz.core.QuizDataInitializer.initializeQuizData(QuizDataInitializer.java:107) -   - Processed 800 questions...
2026-01-01 17:44:21.980 [main] INFO  com.quizz.core.QuizDataInitializer.initializeQuizData(QuizDataInitializer.java:107) -   - Processed 850 questions...
2026-01-01 17:44:21.986 [main] INFO  com.quizz.core.QuizDataInitializer.initializeQuizData(QuizDataInitializer.java:107) -   - Processed 900 questions...
2026-01-01 17:44:22.010 [main] INFO  com.quizz.core.QuizDataInitializer.initializeQuizData(QuizDataInitializer.java:107) -   - Processed 950 questions...
2026-01-01 17:44:22.026 [main] INFO  com.quizz.core.QuizDataInitializer.initializeQuizData(QuizDataInitializer.java:107) -   - Processed 1000 questions...
2026-01-01 17:44:22.026 [main] INFO  com.quizz.core.QuizDataInitializer.initializeQuizData(QuizDataInitializer.java:111) - Quiz 'French Revolution' initialized with 1000 questions
2026-01-01 17:44:22.026 [main] INFO  com.quizz.core.QuizDataInitializer.initializeQuizData(QuizDataInitializer.java:76) - Processing quiz #6: 'French Literature' with 473 questions
2026-01-01 17:44:22.026 [main] INFO  com.quizz.core.QuizDataInitializer.initializeQuizData(QuizDataInitializer.java:83) - Quiz 'French Literature' saved with ID: 6
2026-01-01 17:44:22.042 [main] INFO  com.quizz.core.QuizDataInitializer.initializeQuizData(QuizDataInitializer.java:107) -   - Processed 50 questions...
2026-01-01 17:44:22.058 [main] INFO  com.quizz.core.QuizDataInitializer.initializeQuizData(QuizDataInitializer.java:107) -   - Processed 100 questions...
2026-01-01 17:44:22.076 [main] INFO  com.quizz.core.QuizDataInitializer.initializeQuizData(QuizDataInitializer.java:107) -   - Processed 150 questions...
2026-01-01 17:44:22.090 [main] INFO  com.quizz.core.QuizDataInitializer.initializeQuizData(QuizDataInitializer.java:107) -   - Processed 200 questions...
2026-01-01 17:44:22.106 [main] INFO  com.quizz.core.QuizDataInitializer.initializeQuizData(QuizDataInitializer.java:107) -   - Processed 250 questions...
2026-01-01 17:44:22.128 [main] INFO  com.quizz.core.QuizDataInitializer.initializeQuizData(QuizDataInitializer.java:107) -   - Processed 300 questions...
2026-01-01 17:44:22.137 [main] INFO  com.quizz.core.QuizDataInitializer.initializeQuizData(QuizDataInitializer.java:107) -   - Processed 350 questions...
2026-01-01 17:44:22.153 [main] INFO  com.quizz.core.QuizDataInitializer.initializeQuizData(QuizDataInitializer.java:107) -   - Processed 400 questions...
2026-01-01 17:44:22.153 [main] INFO  com.quizz.core.QuizDataInitializer.initializeQuizData(QuizDataInitializer.java:107) -   - Processed 450 questions...
2026-01-01 17:44:22.174 [main] INFO  com.quizz.core.QuizDataInitializer.initializeQuizData(QuizDataInitializer.java:111) - Quiz 'French Literature' initialized with 473 questions
2026-01-01 17:44:22.174 [main] INFO  com.quizz.core.QuizDataInitializer.initializeQuizData(QuizDataInitializer.java:76) - Processing quiz #7: 'Famous Battles' with 1000 questions
2026-01-01 17:44:22.174 [main] INFO  com.quizz.core.QuizDataInitializer.initializeQuizData(QuizDataInitializer.java:83) - Quiz 'Famous Battles' saved with ID: 7
2026-01-01 17:44:22.185 [main] INFO  com.quizz.core.QuizDataInitializer.initializeQuizData(QuizDataInitializer.java:107) -   - Processed 50 questions...
2026-01-01 17:44:22.201 [main] INFO  com.quizz.core.QuizDataInitializer.initializeQuizData(QuizDataInitializer.java:107) -   - Processed 100 questions...
2026-01-01 17:44:22.220 [main] INFO  com.quizz.core.QuizDataInitializer.initializeQuizData(QuizDataInitializer.java:107) -   - Processed 150 questions...
2026-01-01 17:44:22.233 [main] INFO  com.quizz.core.QuizDataInitializer.initializeQuizData(QuizDataInitializer.java:107) -   - Processed 200 questions...
2026-01-01 17:44:22.252 [main] INFO  com.quizz.core.QuizDataInitializer.initializeQuizData(QuizDataInitializer.java:107) -   - Processed 250 questions...
2026-01-01 17:44:22.281 [main] INFO  com.quizz.core.QuizDataInitializer.initializeQuizData(QuizDataInitializer.java:107) -   - Processed 300 questions...
2026-01-01 17:44:22.313 [main] INFO  com.quizz.core.QuizDataInitializer.initializeQuizData(QuizDataInitializer.java:107) -   - Processed 350 questions...
2026-01-01 17:44:22.329 [main] INFO  com.quizz.core.QuizDataInitializer.initializeQuizData(QuizDataInitializer.java:107) -   - Processed 400 questions...
2026-01-01 17:44:22.344 [main] INFO  com.quizz.core.QuizDataInitializer.initializeQuizData(QuizDataInitializer.java:107) -   - Processed 450 questions...
2026-01-01 17:44:22.361 [main] INFO  com.quizz.core.QuizDataInitializer.initializeQuizData(QuizDataInitializer.java:107) -   - Processed 500 questions...
2026-01-01 17:44:22.376 [main] INFO  com.quizz.core.QuizDataInitializer.initializeQuizData(QuizDataInitializer.java:107) -   - Processed 550 questions...
2026-01-01 17:44:22.393 [main] INFO  com.quizz.core.QuizDataInitializer.initializeQuizData(QuizDataInitializer.java:107) -   - Processed 600 questions...
2026-01-01 17:44:22.393 [main] INFO  com.quizz.core.QuizDataInitializer.initializeQuizData(QuizDataInitializer.java:107) -   - Processed 650 questions...
2026-01-01 17:44:22.425 [main] INFO  com.quizz.core.QuizDataInitializer.initializeQuizData(QuizDataInitializer.java:107) -   - Processed 700 questions...
2026-01-01 17:44:22.443 [main] INFO  com.quizz.core.QuizDataInitializer.initializeQuizData(QuizDataInitializer.java:107) -   - Processed 750 questions...
2026-01-01 17:44:22.457 [main] INFO  com.quizz.core.QuizDataInitializer.initializeQuizData(QuizDataInitializer.java:107) -   - Processed 800 questions...
2026-01-01 17:44:22.474 [main] INFO  com.quizz.core.QuizDataInitializer.initializeQuizData(QuizDataInitializer.java:107) -   - Processed 850 questions...
2026-01-01 17:44:22.491 [main] INFO  com.quizz.core.QuizDataInitializer.initializeQuizData(QuizDataInitializer.java:107) -   - Processed 900 questions...
2026-01-01 17:44:22.504 [main] INFO  com.quizz.core.QuizDataInitializer.initializeQuizData(QuizDataInitializer.java:107) -   - Processed 950 questions...
2026-01-01 17:44:22.504 [main] INFO  com.quizz.core.QuizDataInitializer.initializeQuizData(QuizDataInitializer.java:107) -   - Processed 1000 questions...
2026-01-01 17:44:22.504 [main] INFO  com.quizz.core.QuizDataInitializer.initializeQuizData(QuizDataInitializer.java:111) - Quiz 'Famous Battles' initialized with 1000 questions
2026-01-01 17:44:22.504 [main] INFO  com.quizz.core.QuizDataInitializer.initializeQuizData(QuizDataInitializer.java:76) - Processing quiz #8: 'Famous French Quotes' with 1000 questions
2026-01-01 17:44:22.504 [main] INFO  com.quizz.core.QuizDataInitializer.initializeQuizData(QuizDataInitializer.java:83) - Quiz 'Famous French Quotes' saved with ID: 8
2026-01-01 17:44:22.520 [main] INFO  com.quizz.core.QuizDataInitializer.initializeQuizData(QuizDataInitializer.java:107) -   - Processed 50 questions...
2026-01-01 17:44:22.543 [main] INFO  com.quizz.core.QuizDataInitializer.initializeQuizData(QuizDataInitializer.java:107) -   - Processed 100 questions...
2026-01-01 17:44:22.554 [main] INFO  com.quizz.core.QuizDataInitializer.initializeQuizData(QuizDataInitializer.java:107) -   - Processed 150 questions...
2026-01-01 17:44:22.568 [main] INFO  com.quizz.core.QuizDataInitializer.initializeQuizData(QuizDataInitializer.java:107) -   - Processed 200 questions...
2026-01-01 17:44:22.584 [main] INFO  com.quizz.core.QuizDataInitializer.initializeQuizData(QuizDataInitializer.java:107) -   - Processed 250 questions...
2026-01-01 17:44:22.600 [main] INFO  com.quizz.core.QuizDataInitializer.initializeQuizData(QuizDataInitializer.java:107) -   - Processed 300 questions...
2026-01-01 17:44:22.600 [main] INFO  com.quizz.core.QuizDataInitializer.initializeQuizData(QuizDataInitializer.java:107) -   - Processed 350 questions...
2026-01-01 17:44:22.616 [main] INFO  com.quizz.core.QuizDataInitializer.initializeQuizData(QuizDataInitializer.java:107) -   - Processed 400 questions...
2026-01-01 17:44:22.636 [main] INFO  com.quizz.core.QuizDataInitializer.initializeQuizData(QuizDataInitializer.java:107) -   - Processed 450 questions...
2026-01-01 17:44:22.648 [main] INFO  com.quizz.core.QuizDataInitializer.initializeQuizData(QuizDataInitializer.java:107) -   - Processed 500 questions...
2026-01-01 17:44:22.664 [main] INFO  com.quizz.core.QuizDataInitializer.initializeQuizData(QuizDataInitializer.java:107) -   - Processed 550 questions...
2026-01-01 17:44:22.696 [main] INFO  com.quizz.core.QuizDataInitializer.initializeQuizData(QuizDataInitializer.java:107) -   - Processed 600 questions...
2026-01-01 17:44:22.696 [main] INFO  com.quizz.core.QuizDataInitializer.initializeQuizData(QuizDataInitializer.java:107) -   - Processed 650 questions...
2026-01-01 17:44:22.720 [main] INFO  com.quizz.core.QuizDataInitializer.initializeQuizData(QuizDataInitializer.java:107) -   - Processed 700 questions...
2026-01-01 17:44:22.728 [main] INFO  com.quizz.core.QuizDataInitializer.initializeQuizData(QuizDataInitializer.java:107) -   - Processed 750 questions...
2026-01-01 17:44:22.744 [main] INFO  com.quizz.core.QuizDataInitializer.initializeQuizData(QuizDataInitializer.java:107) -   - Processed 800 questions...
2026-01-01 17:44:22.762 [main] INFO  com.quizz.core.QuizDataInitializer.initializeQuizData(QuizDataInitializer.java:107) -   - Processed 850 questions...
2026-01-01 17:44:22.773 [main] INFO  com.quizz.core.QuizDataInitializer.initializeQuizData(QuizDataInitializer.java:107) -   - Processed 900 questions...
2026-01-01 17:44:22.776 [main] INFO  com.quizz.core.QuizDataInitializer.initializeQuizData(QuizDataInitializer.java:107) -   - Processed 950 questions...
2026-01-01 17:44:22.792 [main] INFO  com.quizz.core.QuizDataInitializer.initializeQuizData(QuizDataInitializer.java:107) -   - Processed 1000 questions...
2026-01-01 17:44:22.792 [main] INFO  com.quizz.core.QuizDataInitializer.initializeQuizData(QuizDataInitializer.java:111) - Quiz 'Famous French Quotes' initialized with 1000 questions
2026-01-01 17:44:22.792 [main] INFO  com.quizz.core.QuizDataInitializer.initializeQuizData(QuizDataInitializer.java:76) - Processing quiz #9: 'French History 1000' with 256 questions
2026-01-01 17:44:22.792 [main] INFO  com.quizz.core.QuizDataInitializer.initializeQuizData(QuizDataInitializer.java:83) - Quiz 'French History 1000' saved with ID: 9
2026-01-01 17:44:22.808 [main] INFO  com.quizz.core.QuizDataInitializer.initializeQuizData(QuizDataInitializer.java:107) -   - Processed 50 questions...
2026-01-01 17:44:22.856 [main] INFO  com.quizz.core.QuizDataInitializer.initializeQuizData(QuizDataInitializer.java:107) -   - Processed 100 questions...
2026-01-01 17:44:22.868 [main] INFO  com.quizz.core.QuizDataInitializer.initializeQuizData(QuizDataInitializer.java:107) -   - Processed 150 questions...
2026-01-01 17:44:22.938 [main] INFO  com.quizz.core.QuizDataInitializer.initializeQuizData(QuizDataInitializer.java:107) -   - Processed 200 questions...
2026-01-01 17:44:22.946 [main] INFO  com.quizz.core.QuizDataInitializer.initializeQuizData(QuizDataInitializer.java:107) -   - Processed 250 questions...
2026-01-01 17:44:22.946 [main] INFO  com.quizz.core.QuizDataInitializer.initializeQuizData(QuizDataInitializer.java:111) - Quiz 'French History 1000' initialized with 256 questions
2026-01-01 17:44:22.946 [main] INFO  com.quizz.core.QuizDataInitializer.initializeQuizData(QuizDataInitializer.java:76) - Processing quiz #10: 'Europe Quiz' with 145 questions
2026-01-01 17:44:22.946 [main] INFO  com.quizz.core.QuizDataInitializer.initializeQuizData(QuizDataInitializer.java:83) - Quiz 'Europe Quiz' saved with ID: 10
2026-01-01 17:44:22.962 [main] INFO  com.quizz.core.QuizDataInitializer.initializeQuizData(QuizDataInitializer.java:107) -   - Processed 50 questions...
2026-01-01 17:44:22.980 [main] INFO  com.quizz.core.QuizDataInitializer.initializeQuizData(QuizDataInitializer.java:107) -   - Processed 100 questions...
2026-01-01 17:44:22.980 [main] INFO  com.quizz.core.QuizDataInitializer.initializeQuizData(QuizDataInitializer.java:111) - Quiz 'Europe Quiz' initialized with 145 questions
2026-01-01 17:44:22.980 [main] INFO  com.quizz.core.QuizDataInitializer.initializeQuizData(QuizDataInitializer.java:76) - Processing quiz #11: 'Japan Quiz - Culture & Geography' with 1000 questions
2026-01-01 17:44:22.980 [main] INFO  com.quizz.core.QuizDataInitializer.initializeQuizData(QuizDataInitializer.java:83) - Quiz 'Japan Quiz - Culture & Geography' saved with ID: 11
2026-01-01 17:44:22.993 [main] INFO  com.quizz.core.QuizDataInitializer.initializeQuizData(QuizDataInitializer.java:107) -   - Processed 50 questions...
2026-01-01 17:44:23.009 [main] INFO  com.quizz.core.QuizDataInitializer.initializeQuizData(QuizDataInitializer.java:107) -   - Processed 100 questions...
2026-01-01 17:44:23.025 [main] INFO  com.quizz.core.QuizDataInitializer.initializeQuizData(QuizDataInitializer.java:107) -   - Processed 150 questions...
2026-01-01 17:44:23.025 [main] INFO  com.quizz.core.QuizDataInitializer.initializeQuizData(QuizDataInitializer.java:107) -   - Processed 200 questions...
2026-01-01 17:44:23.041 [main] INFO  com.quizz.core.QuizDataInitializer.initializeQuizData(QuizDataInitializer.java:107) -   - Processed 250 questions...
2026-01-01 17:44:23.057 [main] INFO  com.quizz.core.QuizDataInitializer.initializeQuizData(QuizDataInitializer.java:107) -   - Processed 300 questions...
2026-01-01 17:44:23.057 [main] INFO  com.quizz.core.QuizDataInitializer.initializeQuizData(QuizDataInitializer.java:107) -   - Processed 350 questions...
2026-01-01 17:44:23.091 [main] INFO  com.quizz.core.QuizDataInitializer.initializeQuizData(QuizDataInitializer.java:107) -   - Processed 400 questions...
2026-01-01 17:44:23.105 [main] INFO  com.quizz.core.QuizDataInitializer.initializeQuizData(QuizDataInitializer.java:107) -   - Processed 450 questions...
2026-01-01 17:44:23.105 [main] INFO  com.quizz.core.QuizDataInitializer.initializeQuizData(QuizDataInitializer.java:107) -   - Processed 500 questions...
2026-01-01 17:44:23.143 [main] INFO  com.quizz.core.QuizDataInitializer.initializeQuizData(QuizDataInitializer.java:107) -   - Processed 550 questions...
2026-01-01 17:44:23.154 [main] INFO  com.quizz.core.QuizDataInitializer.initializeQuizData(QuizDataInitializer.java:107) -   - Processed 600 questions...
2026-01-01 17:44:23.185 [main] INFO  com.quizz.core.QuizDataInitializer.initializeQuizData(QuizDataInitializer.java:107) -   - Processed 650 questions...
2026-01-01 17:44:23.202 [main] INFO  com.quizz.core.QuizDataInitializer.initializeQuizData(QuizDataInitializer.java:107) -   - Processed 700 questions...
2026-01-01 17:44:23.216 [main] INFO  com.quizz.core.QuizDataInitializer.initializeQuizData(QuizDataInitializer.java:107) -   - Processed 750 questions...
2026-01-01 17:44:23.216 [main] INFO  com.quizz.core.QuizDataInitializer.initializeQuizData(QuizDataInitializer.java:107) -   - Processed 800 questions...
2026-01-01 17:44:23.232 [main] INFO  com.quizz.core.QuizDataInitializer.initializeQuizData(QuizDataInitializer.java:107) -   - Processed 850 questions...
2026-01-01 17:44:23.248 [main] INFO  com.quizz.core.QuizDataInitializer.initializeQuizData(QuizDataInitializer.java:107) -   - Processed 900 questions...
2026-01-01 17:44:23.264 [main] INFO  com.quizz.core.QuizDataInitializer.initializeQuizData(QuizDataInitializer.java:107) -   - Processed 950 questions...
2026-01-01 17:44:23.273 [main] INFO  com.quizz.core.QuizDataInitializer.initializeQuizData(QuizDataInitializer.java:107) -   - Processed 1000 questions...
2026-01-01 17:44:23.273 [main] INFO  com.quizz.core.QuizDataInitializer.initializeQuizData(QuizDataInitializer.java:111) - Quiz 'Japan Quiz - Culture & Geography' initialized with 1000 questions
2026-01-01 17:44:23.273 [main] INFO  com.quizz.core.QuizDataInitializer.initializeQuizData(QuizDataInitializer.java:76) - Processing quiz #12: 'World Cities - Latitude & Longitude' with 50 questions
2026-01-01 17:44:23.273 [main] INFO  com.quizz.core.QuizDataInitializer.initializeQuizData(QuizDataInitializer.java:83) - Quiz 'World Cities - Latitude & Longitude' saved with ID: 12
2026-01-01 17:44:23.297 [main] INFO  com.quizz.core.QuizDataInitializer.initializeQuizData(QuizDataInitializer.java:107) -   - Processed 50 questions...
2026-01-01 17:44:23.297 [main] INFO  com.quizz.core.QuizDataInitializer.initializeQuizData(QuizDataInitializer.java:111) - Quiz 'World Cities - Latitude & Longitude' initialized with 50 questions
2026-01-01 17:44:23.297 [main] INFO  com.quizz.core.QuizDataInitializer.initializeQuizData(QuizDataInitializer.java:76) - Processing quiz #13: 'Periodic Table of Elements - Complete' with 472 questions
2026-01-01 17:44:23.297 [main] INFO  com.quizz.core.QuizDataInitializer.initializeQuizData(QuizDataInitializer.java:83) - Quiz 'Periodic Table of Elements - Complete' saved with ID: 13
2026-01-01 17:44:23.328 [main] INFO  com.quizz.core.QuizDataInitializer.initializeQuizData(QuizDataInitializer.java:107) -   - Processed 50 questions...
2026-01-01 17:44:23.344 [main] INFO  com.quizz.core.QuizDataInitializer.initializeQuizData(QuizDataInitializer.java:107) -   - Processed 100 questions...
2026-01-01 17:44:23.344 [main] INFO  com.quizz.core.QuizDataInitializer.initializeQuizData(QuizDataInitializer.java:107) -   - Processed 150 questions...
2026-01-01 17:44:23.360 [main] INFO  com.quizz.core.QuizDataInitializer.initializeQuizData(QuizDataInitializer.java:107) -   - Processed 200 questions...
2026-01-01 17:44:23.376 [main] INFO  com.quizz.core.QuizDataInitializer.initializeQuizData(QuizDataInitializer.java:107) -   - Processed 250 questions...
2026-01-01 17:44:23.408 [main] INFO  com.quizz.core.QuizDataInitializer.initializeQuizData(QuizDataInitializer.java:107) -   - Processed 300 questions...
2026-01-01 17:44:23.408 [main] INFO  com.quizz.core.QuizDataInitializer.initializeQuizData(QuizDataInitializer.java:107) -   - Processed 350 questions...
2026-01-01 17:44:23.442 [main] INFO  com.quizz.core.QuizDataInitializer.initializeQuizData(QuizDataInitializer.java:107) -   - Processed 400 questions...
2026-01-01 17:44:23.456 [main] INFO  com.quizz.core.QuizDataInitializer.initializeQuizData(QuizDataInitializer.java:107) -   - Processed 450 questions...
2026-01-01 17:44:23.456 [main] INFO  com.quizz.core.QuizDataInitializer.initializeQuizData(QuizDataInitializer.java:111) - Quiz 'Periodic Table of Elements - Complete' initialized with 472 questions
2026-01-01 17:44:23.456 [main] INFO  com.quizz.core.QuizDataInitializer.initializeQuizData(QuizDataInitializer.java:76) - Processing quiz #14: 'Mythology Quiz' with 100 questions
2026-01-01 17:44:23.456 [main] INFO  com.quizz.core.QuizDataInitializer.initializeQuizData(QuizDataInitializer.java:83) - Quiz 'Mythology Quiz' saved with ID: 14
2026-01-01 17:44:23.476 [main] INFO  com.quizz.core.QuizDataInitializer.initializeQuizData(QuizDataInitializer.java:107) -   - Processed 50 questions...
2026-01-01 17:44:23.487 [main] INFO  com.quizz.core.QuizDataInitializer.initializeQuizData(QuizDataInitializer.java:107) -   - Processed 100 questions...
2026-01-01 17:44:23.487 [main] INFO  com.quizz.core.QuizDataInitializer.initializeQuizData(QuizDataInitializer.java:111) - Quiz 'Mythology Quiz' initialized with 100 questions
2026-01-01 17:44:23.487 [main] INFO  com.quizz.core.QuizDataInitializer.initializeQuizData(QuizDataInitializer.java:76) - Processing quiz #15: 'Greek Mythology - Complete' with 533 questions
2026-01-01 17:44:23.487 [main] INFO  com.quizz.core.QuizDataInitializer.initializeQuizData(QuizDataInitializer.java:83) - Quiz 'Greek Mythology - Complete' saved with ID: 15
2026-01-01 17:44:23.503 [main] INFO  com.quizz.core.QuizDataInitializer.initializeQuizData(QuizDataInitializer.java:107) -   - Processed 50 questions...
2026-01-01 17:44:23.539 [main] INFO  com.quizz.core.QuizDataInitializer.initializeQuizData(QuizDataInitializer.java:107) -   - Processed 100 questions...
2026-01-01 17:44:23.555 [main] INFO  com.quizz.core.QuizDataInitializer.initializeQuizData(QuizDataInitializer.java:107) -   - Processed 150 questions...
2026-01-01 17:44:23.576 [main] INFO  com.quizz.core.QuizDataInitializer.initializeQuizData(QuizDataInitializer.java:107) -   - Processed 200 questions...
2026-01-01 17:44:23.583 [main] INFO  com.quizz.core.QuizDataInitializer.initializeQuizData(QuizDataInitializer.java:107) -   - Processed 250 questions...
2026-01-01 17:44:23.615 [main] INFO  com.quizz.core.QuizDataInitializer.initializeQuizData(QuizDataInitializer.java:107) -   - Processed 300 questions...
2026-01-01 17:44:23.615 [main] INFO  com.quizz.core.QuizDataInitializer.initializeQuizData(QuizDataInitializer.java:107) -   - Processed 350 questions...
2026-01-01 17:44:23.631 [main] INFO  com.quizz.core.QuizDataInitializer.initializeQuizData(QuizDataInitializer.java:107) -   - Processed 400 questions...
2026-01-01 17:44:23.647 [main] INFO  com.quizz.core.QuizDataInitializer.initializeQuizData(QuizDataInitializer.java:107) -   - Processed 450 questions...
2026-01-01 17:44:23.647 [main] INFO  com.quizz.core.QuizDataInitializer.initializeQuizData(QuizDataInitializer.java:107) -   - Processed 500 questions...
2026-01-01 17:44:23.667 [main] INFO  com.quizz.core.QuizDataInitializer.initializeQuizData(QuizDataInitializer.java:111) - Quiz 'Greek Mythology - Complete' initialized with 533 questions
2026-01-01 17:44:23.667 [main] INFO  com.quizz.core.QuizDataInitializer.initializeQuizData(QuizDataInitializer.java:76) - Processing quiz #16: 'Game of Thrones - Complete' with 138 questions
2026-01-01 17:44:23.667 [main] INFO  com.quizz.core.QuizDataInitializer.initializeQuizData(QuizDataInitializer.java:83) - Quiz 'Game of Thrones - Complete' saved with ID: 16
2026-01-01 17:44:23.679 [main] INFO  com.quizz.core.QuizDataInitializer.initializeQuizData(QuizDataInitializer.java:107) -   - Processed 50 questions...
2026-01-01 17:44:23.679 [main] INFO  com.quizz.core.QuizDataInitializer.initializeQuizData(QuizDataInitializer.java:107) -   - Processed 100 questions...
2026-01-01 17:44:23.718 [main] INFO  com.quizz.core.QuizDataInitializer.initializeQuizData(QuizDataInitializer.java:111) - Quiz 'Game of Thrones - Complete' initialized with 138 questions
2026-01-01 17:44:23.718 [main] INFO  com.quizz.core.QuizDataInitializer.initializeQuizData(QuizDataInitializer.java:76) - Processing quiz #17: 'Famous Manga Series' with 1000 questions
2026-01-01 17:44:23.718 [main] INFO  com.quizz.core.QuizDataInitializer.initializeQuizData(QuizDataInitializer.java:83) - Quiz 'Famous Manga Series' saved with ID: 17
2026-01-01 17:44:23.726 [main] INFO  com.quizz.core.QuizDataInitializer.initializeQuizData(QuizDataInitializer.java:107) -   - Processed 50 questions...
2026-01-01 17:44:23.742 [main] INFO  com.quizz.core.QuizDataInitializer.initializeQuizData(QuizDataInitializer.java:107) -   - Processed 100 questions...
2026-01-01 17:44:23.742 [main] INFO  com.quizz.core.QuizDataInitializer.initializeQuizData(QuizDataInitializer.java:107) -   - Processed 150 questions...
2026-01-01 17:44:23.742 [main] INFO  com.quizz.core.QuizDataInitializer.initializeQuizData(QuizDataInitializer.java:107) -   - Processed 200 questions...
2026-01-01 17:44:23.758 [main] INFO  com.quizz.core.QuizDataInitializer.initializeQuizData(QuizDataInitializer.java:107) -   - Processed 250 questions...
2026-01-01 17:44:23.758 [main] INFO  com.quizz.core.QuizDataInitializer.initializeQuizData(QuizDataInitializer.java:107) -   - Processed 300 questions...
2026-01-01 17:44:23.758 [main] INFO  com.quizz.core.QuizDataInitializer.initializeQuizData(QuizDataInitializer.java:107) -   - Processed 350 questions...
2026-01-01 17:44:23.806 [main] INFO  com.quizz.core.QuizDataInitializer.initializeQuizData(QuizDataInitializer.java:107) -   - Processed 400 questions...
2026-01-01 17:44:23.806 [main] INFO  com.quizz.core.QuizDataInitializer.initializeQuizData(QuizDataInitializer.java:107) -   - Processed 450 questions...
2026-01-01 17:44:23.824 [main] INFO  com.quizz.core.QuizDataInitializer.initializeQuizData(QuizDataInitializer.java:107) -   - Processed 500 questions...
2026-01-01 17:44:23.824 [main] INFO  com.quizz.core.QuizDataInitializer.initializeQuizData(QuizDataInitializer.java:107) -   - Processed 550 questions...
2026-01-01 17:44:23.838 [main] INFO  com.quizz.core.QuizDataInitializer.initializeQuizData(QuizDataInitializer.java:107) -   - Processed 600 questions...
2026-01-01 17:44:23.838 [main] INFO  com.quizz.core.QuizDataInitializer.initializeQuizData(QuizDataInitializer.java:107) -   - Processed 650 questions...
2026-01-01 17:44:23.838 [main] INFO  com.quizz.core.QuizDataInitializer.initializeQuizData(QuizDataInitializer.java:107) -   - Processed 700 questions...
2026-01-01 17:44:23.854 [main] INFO  com.quizz.core.QuizDataInitializer.initializeQuizData(QuizDataInitializer.java:107) -   - Processed 750 questions...
2026-01-01 17:44:23.854 [main] INFO  com.quizz.core.QuizDataInitializer.initializeQuizData(QuizDataInitializer.java:107) -   - Processed 800 questions...
2026-01-01 17:44:23.854 [main] INFO  com.quizz.core.QuizDataInitializer.initializeQuizData(QuizDataInitializer.java:107) -   - Processed 850 questions...
2026-01-01 17:44:23.854 [main] INFO  com.quizz.core.QuizDataInitializer.initializeQuizData(QuizDataInitializer.java:107) -   - Processed 900 questions...
2026-01-01 17:44:23.869 [main] INFO  com.quizz.core.QuizDataInitializer.initializeQuizData(QuizDataInitializer.java:107) -   - Processed 950 questions...
2026-01-01 17:44:23.878 [main] INFO  com.quizz.core.QuizDataInitializer.initializeQuizData(QuizDataInitializer.java:107) -   - Processed 1000 questions...
2026-01-01 17:44:23.878 [main] INFO  com.quizz.core.QuizDataInitializer.initializeQuizData(QuizDataInitializer.java:111) - Quiz 'Famous Manga Series' initialized with 1000 questions
2026-01-01 17:44:23.878 [main] INFO  com.quizz.core.QuizDataInitializer.initializeQuizData(QuizDataInitializer.java:76) - Processing quiz #18: 'Disney Animation Movies' with 1000 questions
2026-01-01 17:44:23.878 [main] INFO  com.quizz.core.QuizDataInitializer.initializeQuizData(QuizDataInitializer.java:83) - Quiz 'Disney Animation Movies' saved with ID: 18
2026-01-01 17:44:23.878 [main] INFO  com.quizz.core.QuizDataInitializer.initializeQuizData(QuizDataInitializer.java:107) -   - Processed 50 questions...
2026-01-01 17:44:23.885 [main] INFO  com.quizz.core.QuizDataInitializer.initializeQuizData(QuizDataInitializer.java:107) -   - Processed 100 questions...
2026-01-01 17:44:23.885 [main] INFO  com.quizz.core.QuizDataInitializer.initializeQuizData(QuizDataInitializer.java:107) -   - Processed 150 questions...
2026-01-01 17:44:23.885 [main] INFO  com.quizz.core.QuizDataInitializer.initializeQuizData(QuizDataInitializer.java:107) -   - Processed 200 questions...
2026-01-01 17:44:23.901 [main] INFO  com.quizz.core.QuizDataInitializer.initializeQuizData(QuizDataInitializer.java:107) -   - Processed 250 questions...
2026-01-01 17:44:23.901 [main] INFO  com.quizz.core.QuizDataInitializer.initializeQuizData(QuizDataInitializer.java:107) -   - Processed 300 questions...
2026-01-01 17:44:23.933 [main] INFO  com.quizz.core.QuizDataInitializer.initializeQuizData(QuizDataInitializer.java:107) -   - Processed 350 questions...
2026-01-01 17:44:23.935 [main] INFO  com.quizz.core.QuizDataInitializer.initializeQuizData(QuizDataInitializer.java:107) -   - Processed 400 questions...
2026-01-01 17:44:23.935 [main] INFO  com.quizz.core.QuizDataInitializer.initializeQuizData(QuizDataInitializer.java:107) -   - Processed 450 questions...
2026-01-01 17:44:23.949 [main] INFO  com.quizz.core.QuizDataInitializer.initializeQuizData(QuizDataInitializer.java:107) -   - Processed 500 questions...
2026-01-01 17:44:23.949 [main] INFO  com.quizz.core.QuizDataInitializer.initializeQuizData(QuizDataInitializer.java:107) -   - Processed 550 questions...
2026-01-01 17:44:23.965 [main] INFO  com.quizz.core.QuizDataInitializer.initializeQuizData(QuizDataInitializer.java:107) -   - Processed 600 questions...
2026-01-01 17:44:23.965 [main] INFO  com.quizz.core.QuizDataInitializer.initializeQuizData(QuizDataInitializer.java:107) -   - Processed 650 questions...
2026-01-01 17:44:23.965 [main] INFO  com.quizz.core.QuizDataInitializer.initializeQuizData(QuizDataInitializer.java:107) -   - Processed 700 questions...
2026-01-01 17:44:23.981 [main] INFO  com.quizz.core.QuizDataInitializer.initializeQuizData(QuizDataInitializer.java:107) -   - Processed 750 questions...
2026-01-01 17:44:23.992 [main] INFO  com.quizz.core.QuizDataInitializer.initializeQuizData(QuizDataInitializer.java:107) -   - Processed 800 questions...
2026-01-01 17:44:23.997 [main] INFO  com.quizz.core.QuizDataInitializer.initializeQuizData(QuizDataInitializer.java:107) -   - Processed 850 questions...
2026-01-01 17:44:23.997 [main] INFO  com.quizz.core.QuizDataInitializer.initializeQuizData(QuizDataInitializer.java:107) -   - Processed 900 questions...
2026-01-01 17:44:23.997 [main] INFO  com.quizz.core.QuizDataInitializer.initializeQuizData(QuizDataInitializer.java:107) -   - Processed 950 questions...
2026-01-01 17:44:24.013 [main] INFO  com.quizz.core.QuizDataInitializer.initializeQuizData(QuizDataInitializer.java:107) -   - Processed 1000 questions...
2026-01-01 17:44:24.013 [main] INFO  com.quizz.core.QuizDataInitializer.initializeQuizData(QuizDataInitializer.java:111) - Quiz 'Disney Animation Movies' initialized with 1000 questions
2026-01-01 17:44:24.013 [main] INFO  com.quizz.core.QuizDataInitializer.initializeQuizData(QuizDataInitializer.java:76) - Processing quiz #19: 'Harry Potter' with 1000 questions
2026-01-01 17:44:24.013 [main] INFO  com.quizz.core.QuizDataInitializer.initializeQuizData(QuizDataInitializer.java:83) - Quiz 'Harry Potter' saved with ID: 19
2026-01-01 17:44:24.029 [main] INFO  com.quizz.core.QuizDataInitializer.initializeQuizData(QuizDataInitializer.java:107) -   - Processed 50 questions...
2026-01-01 17:44:24.046 [main] INFO  com.quizz.core.QuizDataInitializer.initializeQuizData(QuizDataInitializer.java:107) -   - Processed 100 questions...
2026-01-01 17:44:24.063 [main] INFO  com.quizz.core.QuizDataInitializer.initializeQuizData(QuizDataInitializer.java:107) -   - Processed 150 questions...
2026-01-01 17:44:24.078 [main] INFO  com.quizz.core.QuizDataInitializer.initializeQuizData(QuizDataInitializer.java:107) -   - Processed 200 questions...
2026-01-01 17:44:24.093 [main] INFO  com.quizz.core.QuizDataInitializer.initializeQuizData(QuizDataInitializer.java:107) -   - Processed 250 questions...
2026-01-01 17:44:24.093 [main] INFO  com.quizz.core.QuizDataInitializer.initializeQuizData(QuizDataInitializer.java:107) -   - Processed 300 questions...
2026-01-01 17:44:24.109 [main] INFO  com.quizz.core.QuizDataInitializer.initializeQuizData(QuizDataInitializer.java:107) -   - Processed 350 questions...
2026-01-01 17:44:24.125 [main] INFO  com.quizz.core.QuizDataInitializer.initializeQuizData(QuizDataInitializer.java:107) -   - Processed 400 questions...
2026-01-01 17:44:24.157 [main] INFO  com.quizz.core.QuizDataInitializer.initializeQuizData(QuizDataInitializer.java:107) -   - Processed 450 questions...
2026-01-01 17:44:24.157 [main] INFO  com.quizz.core.QuizDataInitializer.initializeQuizData(QuizDataInitializer.java:107) -   - Processed 500 questions...
2026-01-01 17:44:24.191 [main] INFO  com.quizz.core.QuizDataInitializer.initializeQuizData(QuizDataInitializer.java:107) -   - Processed 550 questions...
2026-01-01 17:44:24.205 [main] INFO  com.quizz.core.QuizDataInitializer.initializeQuizData(QuizDataInitializer.java:107) -   - Processed 600 questions...
2026-01-01 17:44:24.221 [main] INFO  com.quizz.core.QuizDataInitializer.initializeQuizData(QuizDataInitializer.java:107) -   - Processed 650 questions...
2026-01-01 17:44:24.239 [main] INFO  com.quizz.core.QuizDataInitializer.initializeQuizData(QuizDataInitializer.java:107) -   - Processed 700 questions...
2026-01-01 17:44:24.253 [main] INFO  com.quizz.core.QuizDataInitializer.initializeQuizData(QuizDataInitializer.java:107) -   - Processed 750 questions...
2026-01-01 17:44:24.279 [main] INFO  com.quizz.core.QuizDataInitializer.initializeQuizData(QuizDataInitializer.java:107) -   - Processed 800 questions...
2026-01-01 17:44:24.287 [main] INFO  com.quizz.core.QuizDataInitializer.initializeQuizData(QuizDataInitializer.java:107) -   - Processed 850 questions...
2026-01-01 17:44:24.301 [main] INFO  com.quizz.core.QuizDataInitializer.initializeQuizData(QuizDataInitializer.java:107) -   - Processed 900 questions...
2026-01-01 17:44:24.317 [main] INFO  com.quizz.core.QuizDataInitializer.initializeQuizData(QuizDataInitializer.java:107) -   - Processed 950 questions...
2026-01-01 17:44:24.349 [main] INFO  com.quizz.core.QuizDataInitializer.initializeQuizData(QuizDataInitializer.java:107) -   - Processed 1000 questions...
2026-01-01 17:44:24.349 [main] INFO  com.quizz.core.QuizDataInitializer.initializeQuizData(QuizDataInitializer.java:111) - Quiz 'Harry Potter' initialized with 1000 questions
2026-01-01 17:44:24.349 [main] INFO  com.quizz.core.QuizDataInitializer.initializeQuizData(QuizDataInitializer.java:76) - Processing quiz #20: 'Classical Music Composers' with 340 questions
2026-01-01 17:44:24.349 [main] INFO  com.quizz.core.QuizDataInitializer.initializeQuizData(QuizDataInitializer.java:83) - Quiz 'Classical Music Composers' saved with ID: 20
2026-01-01 17:44:24.349 [main] INFO  com.quizz.core.QuizDataInitializer.initializeQuizData(QuizDataInitializer.java:107) -   - Processed 50 questions...
2026-01-01 17:44:24.349 [main] INFO  com.quizz.core.QuizDataInitializer.initializeQuizData(QuizDataInitializer.java:107) -   - Processed 100 questions...
2026-01-01 17:44:24.365 [main] INFO  com.quizz.core.QuizDataInitializer.initializeQuizData(QuizDataInitializer.java:107) -   - Processed 150 questions...
2026-01-01 17:44:24.365 [main] INFO  com.quizz.core.QuizDataInitializer.initializeQuizData(QuizDataInitializer.java:107) -   - Processed 200 questions...
2026-01-01 17:44:24.379 [main] INFO  com.quizz.core.QuizDataInitializer.initializeQuizData(QuizDataInitializer.java:107) -   - Processed 250 questions...
2026-01-01 17:44:24.381 [main] INFO  com.quizz.core.QuizDataInitializer.initializeQuizData(QuizDataInitializer.java:107) -   - Processed 300 questions...
2026-01-01 17:44:24.381 [main] INFO  com.quizz.core.QuizDataInitializer.initializeQuizData(QuizDataInitializer.java:111) - Quiz 'Classical Music Composers' initialized with 340 questions
2026-01-01 17:44:24.381 [main] INFO  com.quizz.core.QuizDataInitializer.initializeQuizData(QuizDataInitializer.java:114) - === ALL QUIZ DATA INITIALIZED SUCCESSFULLY ===
2026-01-01 17:44:24.381 [main] INFO  com.quizz.core.QuizDataInitializer.initializeQuizData(QuizDataInitializer.java:115) - Total quizzes loaded: 20
2026-01-01 17:44:24.381 [main] INFO  com.quizz.core.QuizDataInitializer.init(QuizDataInitializer.java:51) - === QuizDataInitializer: Initialization check completed ===
2026-01-01 17:44:24.635 [main] WARN  o.s.b.a.o.j.JpaBaseConfiguration$JpaWebConfiguration.openEntityManagerInViewInterceptor(JpaBaseConfiguration.java:258) - spring.jpa.open-in-view is enabled by default. Therefore, database queries may be performed during view rendering. Explicitly configure spring.jpa.open-in-view to disable this warning
2026-01-01 17:44:25.050 [main] INFO  o.a.coyote.http11.Http11NioProtocol.log(DirectJDKLog.java:168) - Starting ProtocolHandler ["https-jsse-nio-0.0.0.0-8443"]
2026-01-01 17:44:25.182 [main] INFO  o.a.t.u.net.NioEndpoint.certificate.log(DirectJDKLog.java:168) - Connector [https-jsse-nio-0.0.0.0-8443], TLS virtual host [_default_], certificate type [UNDEFINED] configured from keystore [C:\Users\athom\.keystore] using alias [quiz-app] with trust store [null]
2026-01-01 17:44:27.384 [main] INFO  c.v.f.s.DefaultDeploymentConfiguration.logMessages(DefaultDeploymentConfiguration.java:166) - Vaadin is running in production mode.
2026-01-01 17:44:27.417 [main] INFO  c.v.flow.spring.SpringInstantiator.getI18NProvider(SpringInstantiator.java:101) - The number of beans implementing 'I18NProvider' is 0. Cannot use Spring beans for I18N, falling back to the default behavior
2026-01-01 17:44:27.491 [main] INFO  o.s.b.w.e.tomcat.TomcatWebServer.start(TomcatWebServer.java:243) - Tomcat started on port 8443 (https) with context path '/'
2026-01-01 17:44:27.507 [main] INFO  com.quizz.Application.logStarted(StartupInfoLogger.java:59) - Started Application in 11.907 seconds (process running for 12.28)
2026-01-01 17:44:27.729 [main] INFO  com.quizz.core.DataInitializer.createAdminUser(DataInitializer.java:54) - Default admin user created: administrateur@quiz.admin / quizz2025!!
2026-01-01 17:44:28.759 [https-jsse-nio-0.0.0.0-8443-exec-5] INFO  o.a.c.c.C.[Tomcat].[localhost].[/].log(DirectJDKLog.java:168) - Initializing Spring DispatcherServlet 'dispatcherServlet'
2026-01-01 17:44:28.759 [https-jsse-nio-0.0.0.0-8443-exec-5] INFO  o.s.web.servlet.DispatcherServlet.initServletBean(FrameworkServlet.java:532) - Initializing Servlet 'dispatcherServlet'
2026-01-01 17:44:28.759 [https-jsse-nio-0.0.0.0-8443-exec-5] INFO  o.s.web.servlet.DispatcherServlet.initServletBean(FrameworkServlet.java:554) - Completed initialization in 0 ms
2026-01-01 17:44:30.138 [main] INFO  com.quizz.core.DataInitializer.createPublicUsers(DataInitializer.java:203) - Created 20 public users...
2026-01-01 17:44:31.513 [https-jsse-nio-0.0.0.0-8443-exec-9] WARN  c.q.core.service.TranslationService.translate(TranslationService.java:27) - Translation key 'Question Logs' not found for locale fr_FR, falling back to English
2026-01-01 17:44:31.513 [https-jsse-nio-0.0.0.0-8443-exec-9] ERROR c.q.core.service.TranslationService.translate(TranslationService.java:33) - Translation key 'Question Logs' not found even in English fallback
2026-01-01 17:44:32.425 [main] INFO  com.quizz.core.DataInitializer.createPublicUsers(DataInitializer.java:203) - Created 40 public users...
2026-01-01 17:44:34.617 [main] INFO  com.quizz.core.DataInitializer.createPublicUsers(DataInitializer.java:203) - Created 60 public users...
2026-01-01 17:44:36.784 [main] INFO  com.quizz.core.DataInitializer.createPublicUsers(DataInitializer.java:203) - Created 80 public users...
2026-01-01 17:44:37.409 [https-jsse-nio-0.0.0.0-8443-exec-3] WARN  c.q.core.service.TranslationService.translate(TranslationService.java:27) - Translation key 'Question Logs' not found for locale fr_FR, falling back to English
2026-01-01 17:44:37.409 [https-jsse-nio-0.0.0.0-8443-exec-3] ERROR c.q.core.service.TranslationService.translate(TranslationService.java:33) - Translation key 'Question Logs' not found even in English fallback
2026-01-01 17:44:37.427 [https-jsse-nio-0.0.0.0-8443-exec-3] INFO  com.quizz.core.ui.QuizListView.<init>(QuizListView.java:56) - === QuizListView Constructor: Starting ===
2026-01-01 17:44:37.427 [https-jsse-nio-0.0.0.0-8443-exec-3] INFO  com.quizz.core.ui.QuizListView.<init>(QuizListView.java:62) - Services injected successfully
2026-01-01 17:44:37.455 [https-jsse-nio-0.0.0.0-8443-exec-3] INFO  com.quizz.core.ui.QuizListView.<init>(QuizListView.java:122) - UI components created, about to load quiz cards...
2026-01-01 17:44:37.459 [https-jsse-nio-0.0.0.0-8443-exec-3] INFO  com.quizz.core.ui.QuizListView.loadQuizCards(QuizListView.java:246) - === QuizListView: Loading Quiz Cards ===
2026-01-01 17:44:37.459 [https-jsse-nio-0.0.0.0-8443-exec-3] INFO  com.quizz.core.ui.QuizListView.loadQuizCards(QuizListView.java:247) - Number of quizzes retrieved: 20
2026-01-01 17:44:37.459 [https-jsse-nio-0.0.0.0-8443-exec-3] INFO  com.quizz.core.ui.QuizListView.loadQuizCards(QuizListView.java:258) - Creating card for quiz: General Knowledge (ID: 1)
2026-01-01 17:44:37.459 [https-jsse-nio-0.0.0.0-8443-exec-3] INFO  com.quizz.core.ui.QuizListView.loadQuizCards(QuizListView.java:258) - Creating card for quiz: Physics (ID: 2)
2026-01-01 17:44:37.459 [https-jsse-nio-0.0.0.0-8443-exec-3] INFO  com.quizz.core.ui.QuizListView.loadQuizCards(QuizListView.java:258) - Creating card for quiz: US Civil War (ID: 3)
2026-01-01 17:44:37.463 [https-jsse-nio-0.0.0.0-8443-exec-3] INFO  com.quizz.core.ui.QuizListView.loadQuizCards(QuizListView.java:258) - Creating card for quiz: Painting (ID: 4)
2026-01-01 17:44:37.463 [https-jsse-nio-0.0.0.0-8443-exec-3] INFO  com.quizz.core.ui.QuizListView.loadQuizCards(QuizListView.java:258) - Creating card for quiz: French Revolution (ID: 5)
2026-01-01 17:44:37.463 [https-jsse-nio-0.0.0.0-8443-exec-3] INFO  com.quizz.core.ui.QuizListView.loadQuizCards(QuizListView.java:258) - Creating card for quiz: French Literature (ID: 6)
2026-01-01 17:44:37.463 [https-jsse-nio-0.0.0.0-8443-exec-3] INFO  com.quizz.core.ui.QuizListView.loadQuizCards(QuizListView.java:258) - Creating card for quiz: Famous Battles (ID: 7)
2026-01-01 17:44:37.463 [https-jsse-nio-0.0.0.0-8443-exec-3] INFO  com.quizz.core.ui.QuizListView.loadQuizCards(QuizListView.java:258) - Creating card for quiz: Famous French Quotes (ID: 8)
2026-01-01 17:44:37.467 [https-jsse-nio-0.0.0.0-8443-exec-3] INFO  com.quizz.core.ui.QuizListView.loadQuizCards(QuizListView.java:258) - Creating card for quiz: French History 1000 (ID: 9)
2026-01-01 17:44:37.467 [https-jsse-nio-0.0.0.0-8443-exec-3] INFO  com.quizz.core.ui.QuizListView.loadQuizCards(QuizListView.java:258) - Creating card for quiz: Europe Quiz (ID: 10)
2026-01-01 17:44:37.467 [https-jsse-nio-0.0.0.0-8443-exec-3] INFO  com.quizz.core.ui.QuizListView.loadQuizCards(QuizListView.java:258) - Creating card for quiz: Japan Quiz - Culture & Geography (ID: 11)
2026-01-01 17:44:37.467 [https-jsse-nio-0.0.0.0-8443-exec-3] INFO  com.quizz.core.ui.QuizListView.loadQuizCards(QuizListView.java:258) - Creating card for quiz: World Cities - Latitude & Longitude (ID: 12)
2026-01-01 17:44:37.467 [https-jsse-nio-0.0.0.0-8443-exec-3] INFO  com.quizz.core.ui.QuizListView.loadQuizCards(QuizListView.java:258) - Creating card for quiz: Periodic Table of Elements - Complete (ID: 13)
2026-01-01 17:44:37.467 [https-jsse-nio-0.0.0.0-8443-exec-3] INFO  com.quizz.core.ui.QuizListView.loadQuizCards(QuizListView.java:258) - Creating card for quiz: Mythology Quiz (ID: 14)
2026-01-01 17:44:37.467 [https-jsse-nio-0.0.0.0-8443-exec-3] INFO  com.quizz.core.ui.QuizListView.loadQuizCards(QuizListView.java:258) - Creating card for quiz: Greek Mythology - Complete (ID: 15)
2026-01-01 17:44:37.471 [https-jsse-nio-0.0.0.0-8443-exec-3] INFO  com.quizz.core.ui.QuizListView.loadQuizCards(QuizListView.java:258) - Creating card for quiz: Game of Thrones - Complete (ID: 16)
2026-01-01 17:44:37.471 [https-jsse-nio-0.0.0.0-8443-exec-3] INFO  com.quizz.core.ui.QuizListView.loadQuizCards(QuizListView.java:258) - Creating card for quiz: Famous Manga Series (ID: 17)
2026-01-01 17:44:37.473 [https-jsse-nio-0.0.0.0-8443-exec-3] INFO  com.quizz.core.ui.QuizListView.loadQuizCards(QuizListView.java:258) - Creating card for quiz: Disney Animation Movies (ID: 18)
2026-01-01 17:44:37.473 [https-jsse-nio-0.0.0.0-8443-exec-3] INFO  com.quizz.core.ui.QuizListView.loadQuizCards(QuizListView.java:258) - Creating card for quiz: Harry Potter (ID: 19)
2026-01-01 17:44:37.473 [https-jsse-nio-0.0.0.0-8443-exec-3] INFO  com.quizz.core.ui.QuizListView.loadQuizCards(QuizListView.java:258) - Creating card for quiz: Classical Music Composers (ID: 20)
2026-01-01 17:44:37.473 [https-jsse-nio-0.0.0.0-8443-exec-3] INFO  com.quizz.core.ui.QuizListView.loadQuizCards(QuizListView.java:263) - === Quiz Cards Loading Completed ===
2026-01-01 17:44:37.473 [https-jsse-nio-0.0.0.0-8443-exec-3] INFO  com.quizz.core.ui.QuizListView.<init>(QuizListView.java:126) - Quiz cards loaded
2026-01-01 17:44:37.473 [https-jsse-nio-0.0.0.0-8443-exec-3] INFO  com.quizz.core.ui.QuizListView.<init>(QuizListView.java:131) - === QuizListView Constructor: Completed ===
2026-01-01 17:44:38.459 [main] INFO  com.quizz.core.DataInitializer.createPublicUsers(DataInitializer.java:210) - Public users initialization complete: 99 created, 0 skipped (already exist)
2026-01-01 17:44:39.290 [https-jsse-nio-0.0.0.0-8443-exec-10] INFO  com.quizz.core.ui.QuizListView.loadQuizCards(QuizListView.java:246) - === QuizListView: Loading Quiz Cards ===
2026-01-01 17:44:39.290 [https-jsse-nio-0.0.0.0-8443-exec-10] INFO  com.quizz.core.ui.QuizListView.loadQuizCards(QuizListView.java:247) - Number of quizzes retrieved: 20
2026-01-01 17:44:39.290 [https-jsse-nio-0.0.0.0-8443-exec-10] INFO  com.quizz.core.ui.QuizListView.loadQuizCards(QuizListView.java:258) - Creating card for quiz: General Knowledge (ID: 1)
2026-01-01 17:44:39.290 [https-jsse-nio-0.0.0.0-8443-exec-10] INFO  com.quizz.core.ui.QuizListView.loadQuizCards(QuizListView.java:258) - Creating card for quiz: Physics (ID: 2)
2026-01-01 17:44:39.290 [https-jsse-nio-0.0.0.0-8443-exec-10] INFO  com.quizz.core.ui.QuizListView.loadQuizCards(QuizListView.java:258) - Creating card for quiz: US Civil War (ID: 3)
2026-01-01 17:44:39.292 [https-jsse-nio-0.0.0.0-8443-exec-10] INFO  com.quizz.core.ui.QuizListView.loadQuizCards(QuizListView.java:258) - Creating card for quiz: Painting (ID: 4)
2026-01-01 17:44:39.292 [https-jsse-nio-0.0.0.0-8443-exec-10] INFO  com.quizz.core.ui.QuizListView.loadQuizCards(QuizListView.java:258) - Creating card for quiz: French Revolution (ID: 5)
2026-01-01 17:44:39.292 [https-jsse-nio-0.0.0.0-8443-exec-10] INFO  com.quizz.core.ui.QuizListView.loadQuizCards(QuizListView.java:258) - Creating card for quiz: French Literature (ID: 6)
2026-01-01 17:44:39.292 [https-jsse-nio-0.0.0.0-8443-exec-10] INFO  com.quizz.core.ui.QuizListView.loadQuizCards(QuizListView.java:258) - Creating card for quiz: Famous Battles (ID: 7)
2026-01-01 17:44:39.292 [https-jsse-nio-0.0.0.0-8443-exec-10] INFO  com.quizz.core.ui.QuizListView.loadQuizCards(QuizListView.java:258) - Creating card for quiz: Famous French Quotes (ID: 8)
2026-01-01 17:44:39.292 [https-jsse-nio-0.0.0.0-8443-exec-10] INFO  com.quizz.core.ui.QuizListView.loadQuizCards(QuizListView.java:258) - Creating card for quiz: French History 1000 (ID: 9)
2026-01-01 17:44:39.292 [https-jsse-nio-0.0.0.0-8443-exec-10] INFO  com.quizz.core.ui.QuizListView.loadQuizCards(QuizListView.java:258) - Creating card for quiz: Europe Quiz (ID: 10)
2026-01-01 17:44:39.292 [https-jsse-nio-0.0.0.0-8443-exec-10] INFO  com.quizz.core.ui.QuizListView.loadQuizCards(QuizListView.java:258) - Creating card for quiz: Japan Quiz - Culture & Geography (ID: 11)
2026-01-01 17:44:39.292 [https-jsse-nio-0.0.0.0-8443-exec-10] INFO  com.quizz.core.ui.QuizListView.loadQuizCards(QuizListView.java:258) - Creating card for quiz: World Cities - Latitude & Longitude (ID: 12)
2026-01-01 17:44:39.292 [https-jsse-nio-0.0.0.0-8443-exec-10] INFO  com.quizz.core.ui.QuizListView.loadQuizCards(QuizListView.java:258) - Creating card for quiz: Periodic Table of Elements - Complete (ID: 13)
2026-01-01 17:44:39.292 [https-jsse-nio-0.0.0.0-8443-exec-10] INFO  com.quizz.core.ui.QuizListView.loadQuizCards(QuizListView.java:258) - Creating card for quiz: Mythology Quiz (ID: 14)
2026-01-01 17:44:39.298 [https-jsse-nio-0.0.0.0-8443-exec-10] INFO  com.quizz.core.ui.QuizListView.loadQuizCards(QuizListView.java:258) - Creating card for quiz: Greek Mythology - Complete (ID: 15)
2026-01-01 17:44:39.298 [https-jsse-nio-0.0.0.0-8443-exec-10] INFO  com.quizz.core.ui.QuizListView.loadQuizCards(QuizListView.java:258) - Creating card for quiz: Game of Thrones - Complete (ID: 16)
2026-01-01 17:44:39.298 [https-jsse-nio-0.0.0.0-8443-exec-10] INFO  com.quizz.core.ui.QuizListView.loadQuizCards(QuizListView.java:258) - Creating card for quiz: Famous Manga Series (ID: 17)
2026-01-01 17:44:39.298 [https-jsse-nio-0.0.0.0-8443-exec-10] INFO  com.quizz.core.ui.QuizListView.loadQuizCards(QuizListView.java:258) - Creating card for quiz: Disney Animation Movies (ID: 18)
2026-01-01 17:44:39.298 [https-jsse-nio-0.0.0.0-8443-exec-10] INFO  com.quizz.core.ui.QuizListView.loadQuizCards(QuizListView.java:258) - Creating card for quiz: Harry Potter (ID: 19)
2026-01-01 17:44:39.298 [https-jsse-nio-0.0.0.0-8443-exec-10] INFO  com.quizz.core.ui.QuizListView.loadQuizCards(QuizListView.java:258) - Creating card for quiz: Classical Music Composers (ID: 20)
2026-01-01 17:44:39.298 [https-jsse-nio-0.0.0.0-8443-exec-10] INFO  com.quizz.core.ui.QuizListView.loadQuizCards(QuizListView.java:263) - === Quiz Cards Loading Completed ===
2026-01-01 17:44:40.793 [https-jsse-nio-0.0.0.0-8443-exec-8] INFO  com.quizz.core.ui.QuizQuestionView.beforeEnter(QuizQuestionView.java:339) - Starting quiz - ID: 20, Total questions: 5, Selected questions: 5, seed: 833679732146331
2026-01-01 17:44:40.793 [https-jsse-nio-0.0.0.0-8443-exec-8] INFO  com.quizz.core.ui.QuizQuestionView.startTimer(QuizQuestionView.java:410) - Starting new timer - timerId: 1767285880793 runId: 1
2026-01-01 17:44:47.455 [https-jsse-nio-0.0.0.0-8443-exec-8] INFO  com.quizz.core.ui.QuizQuestionView.showNextQuestion(QuizQuestionView.java:645) - QUESTION LOGGED - User: abraham.lincoln@public.quiz, Quiz: Classical Music Composers, Question ID: 9431, Question: What year did Mendelssohn die?, Correct Answer: 1847, User Answer: 1855, Options: [1847, 1850, 1845, 1855]
2026-01-01 17:44:56.198 [https-jsse-nio-0.0.0.0-8443-exec-1] INFO  com.quizz.core.ui.QuizQuestionView.showNextQuestion(QuizQuestionView.java:645) - QUESTION LOGGED - User: abraham.lincoln@public.quiz, Quiz: Classical Music Composers, Question ID: 9517, Question: Who was Mahler's wife?, Correct Answer: Alma Mahler, User Answer: Alma Mahler, Options: [Alma Mahler, Clara Schumann, Cosima Wagner, Fanny Mendelssohn]
2026-01-01 17:45:04.578 [https-jsse-nio-0.0.0.0-8443-exec-2] INFO  com.quizz.core.ui.QuizQuestionView.showNextQuestion(QuizQuestionView.java:645) - QUESTION LOGGED - User: abraham.lincoln@public.quiz, Quiz: Classical Music Composers, Question ID: 9629, Question: In which country was Elgar born?, Correct Answer: England, User Answer: Ireland, Options: [England, Scotland, Wales, Ireland]
2026-01-01 17:45:13.185 [https-jsse-nio-0.0.0.0-8443-exec-10] INFO  com.quizz.core.ui.QuizQuestionView.showNextQuestion(QuizQuestionView.java:645) - QUESTION LOGGED - User: abraham.lincoln@public.quiz, Quiz: Classical Music Composers, Question ID: 9445, Question: What famous composer was Schumann's protégé?, Correct Answer: Johannes Brahms, User Answer: Johannes Brahms, Options: [Johannes Brahms, Franz Liszt, Richard Wagner, Anton Bruckner]
2026-01-01 17:45:20.108 [https-jsse-nio-0.0.0.0-8443-exec-10] INFO  com.quizz.core.ui.QuizQuestionView.showNextQuestion(QuizQuestionView.java:645) - QUESTION LOGGED - User: abraham.lincoln@public.quiz, Quiz: Classical Music Composers, Question ID: 9313, Question: What is the nickname of Beethoven's Symphony No. 6?, Correct Answer: Pastoral, User Answer: Heroic, Options: [Pastoral, Heroic, Fate, Romantic]
2026-01-01 17:45:37.924 [https-jsse-nio-0.0.0.0-8443-exec-1] INFO  com.quizz.core.ui.QuizListView.<init>(QuizListView.java:56) - === QuizListView Constructor: Starting ===
2026-01-01 17:45:37.925 [https-jsse-nio-0.0.0.0-8443-exec-1] INFO  com.quizz.core.ui.QuizListView.<init>(QuizListView.java:62) - Services injected successfully
2026-01-01 17:45:37.925 [https-jsse-nio-0.0.0.0-8443-exec-1] INFO  com.quizz.core.ui.QuizListView.<init>(QuizListView.java:122) - UI components created, about to load quiz cards...
2026-01-01 17:45:37.925 [https-jsse-nio-0.0.0.0-8443-exec-1] INFO  com.quizz.core.ui.QuizListView.loadQuizCards(QuizListView.java:246) - === QuizListView: Loading Quiz Cards ===
2026-01-01 17:45:37.925 [https-jsse-nio-0.0.0.0-8443-exec-1] INFO  com.quizz.core.ui.QuizListView.loadQuizCards(QuizListView.java:247) - Number of quizzes retrieved: 20
2026-01-01 17:45:37.925 [https-jsse-nio-0.0.0.0-8443-exec-1] INFO  com.quizz.core.ui.QuizListView.loadQuizCards(QuizListView.java:258) - Creating card for quiz: General Knowledge (ID: 1)
2026-01-01 17:45:37.925 [https-jsse-nio-0.0.0.0-8443-exec-1] INFO  com.quizz.core.ui.QuizListView.loadQuizCards(QuizListView.java:258) - Creating card for quiz: Physics (ID: 2)
2026-01-01 17:45:37.925 [https-jsse-nio-0.0.0.0-8443-exec-1] INFO  com.quizz.core.ui.QuizListView.loadQuizCards(QuizListView.java:258) - Creating card for quiz: US Civil War (ID: 3)
2026-01-01 17:45:37.925 [https-jsse-nio-0.0.0.0-8443-exec-1] INFO  com.quizz.core.ui.QuizListView.loadQuizCards(QuizListView.java:258) - Creating card for quiz: Painting (ID: 4)
2026-01-01 17:45:37.925 [https-jsse-nio-0.0.0.0-8443-exec-1] INFO  com.quizz.core.ui.QuizListView.loadQuizCards(QuizListView.java:258) - Creating card for quiz: French Revolution (ID: 5)
2026-01-01 17:45:37.925 [https-jsse-nio-0.0.0.0-8443-exec-1] INFO  com.quizz.core.ui.QuizListView.loadQuizCards(QuizListView.java:258) - Creating card for quiz: French Literature (ID: 6)
2026-01-01 17:45:37.925 [https-jsse-nio-0.0.0.0-8443-exec-1] INFO  com.quizz.core.ui.QuizListView.loadQuizCards(QuizListView.java:258) - Creating card for quiz: Famous Battles (ID: 7)
2026-01-01 17:45:37.925 [https-jsse-nio-0.0.0.0-8443-exec-1] INFO  com.quizz.core.ui.QuizListView.loadQuizCards(QuizListView.java:258) - Creating card for quiz: Famous French Quotes (ID: 8)
2026-01-01 17:45:37.925 [https-jsse-nio-0.0.0.0-8443-exec-1] INFO  com.quizz.core.ui.QuizListView.loadQuizCards(QuizListView.java:258) - Creating card for quiz: French History 1000 (ID: 9)
2026-01-01 17:45:37.925 [https-jsse-nio-0.0.0.0-8443-exec-1] INFO  com.quizz.core.ui.QuizListView.loadQuizCards(QuizListView.java:258) - Creating card for quiz: Europe Quiz (ID: 10)
2026-01-01 17:45:37.925 [https-jsse-nio-0.0.0.0-8443-exec-1] INFO  com.quizz.core.ui.QuizListView.loadQuizCards(QuizListView.java:258) - Creating card for quiz: Japan Quiz - Culture & Geography (ID: 11)
2026-01-01 17:45:37.925 [https-jsse-nio-0.0.0.0-8443-exec-1] INFO  com.quizz.core.ui.QuizListView.loadQuizCards(QuizListView.java:258) - Creating card for quiz: World Cities - Latitude & Longitude (ID: 12)
2026-01-01 17:45:37.925 [https-jsse-nio-0.0.0.0-8443-exec-1] INFO  com.quizz.core.ui.QuizListView.loadQuizCards(QuizListView.java:258) - Creating card for quiz: Periodic Table of Elements - Complete (ID: 13)
2026-01-01 17:45:37.925 [https-jsse-nio-0.0.0.0-8443-exec-1] INFO  com.quizz.core.ui.QuizListView.loadQuizCards(QuizListView.java:258) - Creating card for quiz: Mythology Quiz (ID: 14)
2026-01-01 17:45:37.925 [https-jsse-nio-0.0.0.0-8443-exec-1] INFO  com.quizz.core.ui.QuizListView.loadQuizCards(QuizListView.java:258) - Creating card for quiz: Greek Mythology - Complete (ID: 15)
2026-01-01 17:45:37.925 [https-jsse-nio-0.0.0.0-8443-exec-1] INFO  com.quizz.core.ui.QuizListView.loadQuizCards(QuizListView.java:258) - Creating card for quiz: Game of Thrones - Complete (ID: 16)
2026-01-01 17:45:37.925 [https-jsse-nio-0.0.0.0-8443-exec-1] INFO  com.quizz.core.ui.QuizListView.loadQuizCards(QuizListView.java:258) - Creating card for quiz: Famous Manga Series (ID: 17)
2026-01-01 17:45:37.925 [https-jsse-nio-0.0.0.0-8443-exec-1] INFO  com.quizz.core.ui.QuizListView.loadQuizCards(QuizListView.java:258) - Creating card for quiz: Disney Animation Movies (ID: 18)
2026-01-01 17:45:37.925 [https-jsse-nio-0.0.0.0-8443-exec-1] INFO  com.quizz.core.ui.QuizListView.loadQuizCards(QuizListView.java:258) - Creating card for quiz: Harry Potter (ID: 19)
2026-01-01 17:45:37.925 [https-jsse-nio-0.0.0.0-8443-exec-1] INFO  com.quizz.core.ui.QuizListView.loadQuizCards(QuizListView.java:258) - Creating card for quiz: Classical Music Composers (ID: 20)
2026-01-01 17:45:37.925 [https-jsse-nio-0.0.0.0-8443-exec-1] INFO  com.quizz.core.ui.QuizListView.loadQuizCards(QuizListView.java:263) - === Quiz Cards Loading Completed ===
2026-01-01 17:45:37.925 [https-jsse-nio-0.0.0.0-8443-exec-1] INFO  com.quizz.core.ui.QuizListView.<init>(QuizListView.java:126) - Quiz cards loaded
2026-01-01 17:45:37.925 [https-jsse-nio-0.0.0.0-8443-exec-1] INFO  com.quizz.core.ui.QuizListView.<init>(QuizListView.java:131) - === QuizListView Constructor: Completed ===
2026-01-01 17:48:15.802 [background-preinit] INFO  o.h.validator.internal.util.Version.<clinit>(Version.java:21) - HV000001: Hibernate Validator 8.0.3.Final
2026-01-01 17:48:15.864 [main] INFO  com.quizz.Application.logStarting(StartupInfoLogger.java:53) - Starting Application using Java 23.0.2 with PID 1568 (C:\Users\athom\IdeaProjects\quizz1\target\classes started by athom in C:\Users\athom\IdeaProjects\quizz1)
2026-01-01 17:48:15.864 [main] INFO  com.quizz.Application.logStartupProfileInfo(SpringApplication.java:652) - No active profile set, falling back to 1 default profile: "default"
2026-01-01 17:48:16.676 [main] INFO  o.s.d.r.c.RepositoryConfigurationDelegate.registerRepositoriesIn(RepositoryConfigurationDelegate.java:145) - Bootstrapping Spring Data JPA repositories in DEFAULT mode.
2026-01-01 17:48:16.867 [main] INFO  o.s.d.r.c.RepositoryConfigurationDelegate.registerRepositoriesIn(RepositoryConfigurationDelegate.java:213) - Finished Spring Data repository scanning in 164 ms. Found 8 JPA repository interfaces.
2026-01-01 17:48:17.501 [main] INFO  o.s.b.w.e.tomcat.TomcatWebServer.initialize(TomcatWebServer.java:111) - Tomcat initialized with port 8443 (https)
2026-01-01 17:48:17.517 [main] INFO  o.a.coyote.http11.Http11NioProtocol.log(DirectJDKLog.java:168) - Initializing ProtocolHandler ["https-jsse-nio-0.0.0.0-8443"]
2026-01-01 17:48:17.517 [main] INFO  o.a.catalina.core.StandardService.log(DirectJDKLog.java:168) - Starting service [Tomcat]
2026-01-01 17:48:17.517 [main] INFO  o.a.catalina.core.StandardEngine.log(DirectJDKLog.java:168) - Starting Servlet engine: [Apache Tomcat/10.1.49]
2026-01-01 17:48:17.612 [main] INFO  o.a.c.c.C.[Tomcat].[localhost].[/].log(DirectJDKLog.java:168) - Initializing Spring embedded WebApplicationContext
2026-01-01 17:48:17.612 [main] INFO  o.s.b.w.s.c.ServletWebServerApplicationContext.prepareWebApplicationContext(ServletWebServerApplicationContext.java:301) - Root WebApplicationContext: initialization completed in 1679 ms
2026-01-01 17:48:17.786 [main] INFO  o.a.c.c.C.[Tomcat].[localhost].[/].log(DirectJDKLog.java:168) - Initializing AtmosphereFramework
2026-01-01 17:48:18.091 [main] INFO  o.h.jpa.internal.util.LogHelper.logPersistenceUnitInformation(LogHelper.java:31) - HHH000204: Processing PersistenceUnitInfo [name: default]
2026-01-01 17:48:18.119 [main] INFO  org.hibernate.Version.logVersion(Version.java:44) - HHH000412: Hibernate ORM core version 6.6.36.Final
2026-01-01 17:48:18.140 [main] INFO  o.h.c.i.RegionFactoryInitiator.initiateService(RegionFactoryInitiator.java:50) - HHH000026: Second-level cache disabled
2026-01-01 17:48:18.420 [main] INFO  o.s.o.j.p.SpringPersistenceUnitInfo.addTransformer(SpringPersistenceUnitInfo.java:87) - No LoadTimeWeaver setup: ignoring JPA class transformer
2026-01-01 17:48:18.437 [main] INFO  com.zaxxer.hikari.HikariDataSource.getConnection(HikariDataSource.java:109) - HikariPool-1 - Starting...
2026-01-01 17:48:18.572 [main] INFO  com.zaxxer.hikari.pool.HikariPool.checkFailFast(HikariPool.java:580) - HikariPool-1 - Added connection conn0: url=jdbc:h2:mem:4ebb8d27-269d-490c-b7b6-5d6600b2b1ef user=SA
2026-01-01 17:48:18.572 [main] INFO  com.zaxxer.hikari.HikariDataSource.getConnection(HikariDataSource.java:122) - HikariPool-1 - Start completed.
2026-01-01 17:48:18.610 [main] INFO  o.hibernate.orm.connections.pooling.logConnectionInfo(JdbcEnvironmentInitiator.java:163) - HHH10001005: Database info:
	Database JDBC URL [Connecting through datasource 'HikariDataSource (HikariPool-1)']
	Database driver: undefined/unknown
	Database version: 2.3.232
	Autocommit mode: undefined/unknown
	Isolation level: undefined/unknown
	Minimum pool size: undefined/unknown
	Maximum pool size: undefined/unknown
2026-01-01 17:48:19.594 [main] INFO  o.h.e.t.j.p.i.JtaPlatformInitiator.initiateService(JtaPlatformInitiator.java:59) - HHH000489: No JTA platform available (set 'hibernate.transaction.jta.platform' to enable JTA platform integration)
2026-01-01 17:48:19.754 [main] INFO  o.s.o.j.LocalContainerEntityManagerFactoryBean.buildNativeEntityManagerFactory(AbstractEntityManagerFactoryBean.java:447) - Initialized JPA EntityManagerFactory for persistence unit 'default'
2026-01-01 17:48:20.007 [main] INFO  o.s.d.j.r.query.QueryEnhancerFactory.<clinit>(QueryEnhancerFactory.java:49) - Hibernate is in classpath; If applicable, HQL parser will be used.
2026-01-01 17:48:20.326 [main] INFO  com.quizz.core.QuizDataInitializer.init(QuizDataInitializer.java:32) - === QuizDataInitializer: Starting initialization check ===
2026-01-01 17:48:20.394 [main] INFO  com.quizz.core.QuizDataInitializer.init(QuizDataInitializer.java:36) - Found 0 existing quizzes in database
2026-01-01 17:48:20.394 [main] INFO  com.quizz.core.QuizDataInitializer.init(QuizDataInitializer.java:39) - No quizzes found - initializing quiz data from JSON file...
2026-01-01 17:48:20.394 [main] INFO  com.quizz.core.QuizDataInitializer.initializeQuizData(QuizDataInitializer.java:56) - Starting to load quiz data from quiz-questions.json...
2026-01-01 17:48:20.394 [main] INFO  com.quizz.core.QuizDataInitializer.initializeQuizData(QuizDataInitializer.java:64) - Resource exists: true
2026-01-01 17:48:20.394 [main] INFO  com.quizz.core.QuizDataInitializer.initializeQuizData(QuizDataInitializer.java:65) - Resource path: quiz-questions.json
2026-01-01 17:48:20.557 [main] INFO  com.quizz.core.QuizDataInitializer.initializeQuizData(QuizDataInitializer.java:69) - Successfully parsed JSON file. Found 20 quizzes
2026-01-01 17:48:20.557 [main] INFO  com.quizz.core.QuizDataInitializer.initializeQuizData(QuizDataInitializer.java:76) - Processing quiz #1: 'General Knowledge' with 10 questions
2026-01-01 17:48:20.581 [main] INFO  com.quizz.core.QuizDataInitializer.initializeQuizData(QuizDataInitializer.java:83) - Quiz 'General Knowledge' saved with ID: 1
2026-01-01 17:48:20.704 [main] INFO  com.quizz.core.QuizDataInitializer.initializeQuizData(QuizDataInitializer.java:111) - Quiz 'General Knowledge' initialized with 10 questions
2026-01-01 17:48:20.704 [main] INFO  com.quizz.core.QuizDataInitializer.initializeQuizData(QuizDataInitializer.java:76) - Processing quiz #2: 'Physics' with 10 questions
2026-01-01 17:48:20.718 [main] INFO  com.quizz.core.QuizDataInitializer.initializeQuizData(QuizDataInitializer.java:83) - Quiz 'Physics' saved with ID: 2
2026-01-01 17:48:20.827 [main] INFO  com.quizz.core.QuizDataInitializer.initializeQuizData(QuizDataInitializer.java:111) - Quiz 'Physics' initialized with 10 questions
2026-01-01 17:48:20.827 [main] INFO  com.quizz.core.QuizDataInitializer.initializeQuizData(QuizDataInitializer.java:76) - Processing quiz #3: 'US Civil War' with 100 questions
2026-01-01 17:48:20.827 [main] INFO  com.quizz.core.QuizDataInitializer.initializeQuizData(QuizDataInitializer.java:83) - Quiz 'US Civil War' saved with ID: 3
2026-01-01 17:48:21.057 [main] INFO  com.quizz.core.QuizDataInitializer.initializeQuizData(QuizDataInitializer.java:107) -   - Processed 50 questions...
2026-01-01 17:48:21.127 [main] INFO  com.quizz.core.QuizDataInitializer.initializeQuizData(QuizDataInitializer.java:107) -   - Processed 100 questions...
2026-01-01 17:48:21.127 [main] INFO  com.quizz.core.QuizDataInitializer.initializeQuizData(QuizDataInitializer.java:111) - Quiz 'US Civil War' initialized with 100 questions
2026-01-01 17:48:21.127 [main] INFO  com.quizz.core.QuizDataInitializer.initializeQuizData(QuizDataInitializer.java:76) - Processing quiz #4: 'Painting' with 10 questions
2026-01-01 17:48:21.127 [main] INFO  com.quizz.core.QuizDataInitializer.initializeQuizData(QuizDataInitializer.java:83) - Quiz 'Painting' saved with ID: 4
2026-01-01 17:48:21.159 [main] INFO  com.quizz.core.QuizDataInitializer.initializeQuizData(QuizDataInitializer.java:111) - Quiz 'Painting' initialized with 10 questions
2026-01-01 17:48:21.159 [main] INFO  com.quizz.core.QuizDataInitializer.initializeQuizData(QuizDataInitializer.java:76) - Processing quiz #5: 'French Revolution' with 1000 questions
2026-01-01 17:48:21.159 [main] INFO  com.quizz.core.QuizDataInitializer.initializeQuizData(QuizDataInitializer.java:83) - Quiz 'French Revolution' saved with ID: 5
2026-01-01 17:48:21.206 [main] INFO  com.quizz.core.QuizDataInitializer.initializeQuizData(QuizDataInitializer.java:107) -   - Processed 50 questions...
2026-01-01 17:48:21.303 [main] INFO  com.quizz.core.QuizDataInitializer.initializeQuizData(QuizDataInitializer.java:107) -   - Processed 100 questions...
2026-01-01 17:48:21.380 [main] INFO  com.quizz.core.QuizDataInitializer.initializeQuizData(QuizDataInitializer.java:107) -   - Processed 150 questions...
2026-01-01 17:48:21.395 [main] INFO  com.quizz.core.QuizDataInitializer.initializeQuizData(QuizDataInitializer.java:107) -   - Processed 200 questions...
2026-01-01 17:48:21.427 [main] INFO  com.quizz.core.QuizDataInitializer.initializeQuizData(QuizDataInitializer.java:107) -   - Processed 250 questions...
2026-01-01 17:48:21.473 [main] INFO  com.quizz.core.QuizDataInitializer.initializeQuizData(QuizDataInitializer.java:107) -   - Processed 300 questions...
2026-01-01 17:48:21.488 [main] INFO  com.quizz.core.QuizDataInitializer.initializeQuizData(QuizDataInitializer.java:107) -   - Processed 350 questions...
2026-01-01 17:48:21.504 [main] INFO  com.quizz.core.QuizDataInitializer.initializeQuizData(QuizDataInitializer.java:107) -   - Processed 400 questions...
2026-01-01 17:48:21.506 [main] INFO  com.quizz.core.QuizDataInitializer.initializeQuizData(QuizDataInitializer.java:107) -   - Processed 450 questions...
2026-01-01 17:48:21.542 [main] INFO  com.quizz.core.QuizDataInitializer.initializeQuizData(QuizDataInitializer.java:107) -   - Processed 500 questions...
2026-01-01 17:48:21.562 [main] INFO  com.quizz.core.QuizDataInitializer.initializeQuizData(QuizDataInitializer.java:107) -   - Processed 550 questions...
2026-01-01 17:48:21.589 [main] INFO  com.quizz.core.QuizDataInitializer.initializeQuizData(QuizDataInitializer.java:107) -   - Processed 600 questions...
2026-01-01 17:48:21.602 [main] INFO  com.quizz.core.QuizDataInitializer.initializeQuizData(QuizDataInitializer.java:107) -   - Processed 650 questions...
2026-01-01 17:48:21.602 [main] INFO  com.quizz.core.QuizDataInitializer.initializeQuizData(QuizDataInitializer.java:107) -   - Processed 700 questions...
2026-01-01 17:48:21.618 [main] INFO  com.quizz.core.QuizDataInitializer.initializeQuizData(QuizDataInitializer.java:107) -   - Processed 750 questions...
2026-01-01 17:48:21.636 [main] INFO  com.quizz.core.QuizDataInitializer.initializeQuizData(QuizDataInitializer.java:107) -   - Processed 800 questions...
2026-01-01 17:48:21.650 [main] INFO  com.quizz.core.QuizDataInitializer.initializeQuizData(QuizDataInitializer.java:107) -   - Processed 850 questions...
2026-01-01 17:48:21.666 [main] INFO  com.quizz.core.QuizDataInitializer.initializeQuizData(QuizDataInitializer.java:107) -   - Processed 900 questions...
2026-01-01 17:48:21.682 [main] INFO  com.quizz.core.QuizDataInitializer.initializeQuizData(QuizDataInitializer.java:107) -   - Processed 950 questions...
2026-01-01 17:48:21.698 [main] INFO  com.quizz.core.QuizDataInitializer.initializeQuizData(QuizDataInitializer.java:107) -   - Processed 1000 questions...
2026-01-01 17:48:21.698 [main] INFO  com.quizz.core.QuizDataInitializer.initializeQuizData(QuizDataInitializer.java:111) - Quiz 'French Revolution' initialized with 1000 questions
2026-01-01 17:48:21.700 [main] INFO  com.quizz.core.QuizDataInitializer.initializeQuizData(QuizDataInitializer.java:76) - Processing quiz #6: 'French Literature' with 473 questions
2026-01-01 17:48:21.700 [main] INFO  com.quizz.core.QuizDataInitializer.initializeQuizData(QuizDataInitializer.java:83) - Quiz 'French Literature' saved with ID: 6
2026-01-01 17:48:21.719 [main] INFO  com.quizz.core.QuizDataInitializer.initializeQuizData(QuizDataInitializer.java:107) -   - Processed 50 questions...
2026-01-01 17:48:21.731 [main] INFO  com.quizz.core.QuizDataInitializer.initializeQuizData(QuizDataInitializer.java:107) -   - Processed 100 questions...
2026-01-01 17:48:21.733 [main] INFO  com.quizz.core.QuizDataInitializer.initializeQuizData(QuizDataInitializer.java:107) -   - Processed 150 questions...
2026-01-01 17:48:21.745 [main] INFO  com.quizz.core.QuizDataInitializer.initializeQuizData(QuizDataInitializer.java:107) -   - Processed 200 questions...
2026-01-01 17:48:21.779 [main] INFO  com.quizz.core.QuizDataInitializer.initializeQuizData(QuizDataInitializer.java:107) -   - Processed 250 questions...
2026-01-01 17:48:21.793 [main] INFO  com.quizz.core.QuizDataInitializer.initializeQuizData(QuizDataInitializer.java:107) -   - Processed 300 questions...
2026-01-01 17:48:21.809 [main] INFO  com.quizz.core.QuizDataInitializer.initializeQuizData(QuizDataInitializer.java:107) -   - Processed 350 questions...
2026-01-01 17:48:21.824 [main] INFO  com.quizz.core.QuizDataInitializer.initializeQuizData(QuizDataInitializer.java:107) -   - Processed 400 questions...
2026-01-01 17:48:21.848 [main] INFO  com.quizz.core.QuizDataInitializer.initializeQuizData(QuizDataInitializer.java:107) -   - Processed 450 questions...
2026-01-01 17:48:21.856 [main] INFO  com.quizz.core.QuizDataInitializer.initializeQuizData(QuizDataInitializer.java:111) - Quiz 'French Literature' initialized with 473 questions
2026-01-01 17:48:21.856 [main] INFO  com.quizz.core.QuizDataInitializer.initializeQuizData(QuizDataInitializer.java:76) - Processing quiz #7: 'Famous Battles' with 1000 questions
2026-01-01 17:48:21.856 [main] INFO  com.quizz.core.QuizDataInitializer.initializeQuizData(QuizDataInitializer.java:83) - Quiz 'Famous Battles' saved with ID: 7
2026-01-01 17:48:21.861 [main] INFO  com.quizz.core.QuizDataInitializer.initializeQuizData(QuizDataInitializer.java:107) -   - Processed 50 questions...
2026-01-01 17:48:21.875 [main] INFO  com.quizz.core.QuizDataInitializer.initializeQuizData(QuizDataInitializer.java:107) -   - Processed 100 questions...
2026-01-01 17:48:21.888 [main] INFO  com.quizz.core.QuizDataInitializer.initializeQuizData(QuizDataInitializer.java:107) -   - Processed 150 questions...
2026-01-01 17:48:21.904 [main] INFO  com.quizz.core.QuizDataInitializer.initializeQuizData(QuizDataInitializer.java:107) -   - Processed 200 questions...
2026-01-01 17:48:21.920 [main] INFO  com.quizz.core.QuizDataInitializer.initializeQuizData(QuizDataInitializer.java:107) -   - Processed 250 questions...
2026-01-01 17:48:21.936 [main] INFO  com.quizz.core.QuizDataInitializer.initializeQuizData(QuizDataInitializer.java:107) -   - Processed 300 questions...
2026-01-01 17:48:21.936 [main] INFO  com.quizz.core.QuizDataInitializer.initializeQuizData(QuizDataInitializer.java:107) -   - Processed 350 questions...
2026-01-01 17:48:21.952 [main] INFO  com.quizz.core.QuizDataInitializer.initializeQuizData(QuizDataInitializer.java:107) -   - Processed 400 questions...
2026-01-01 17:48:21.974 [main] INFO  com.quizz.core.QuizDataInitializer.initializeQuizData(QuizDataInitializer.java:107) -   - Processed 450 questions...
2026-01-01 17:48:21.986 [main] INFO  com.quizz.core.QuizDataInitializer.initializeQuizData(QuizDataInitializer.java:107) -   - Processed 500 questions...
2026-01-01 17:48:21.999 [main] INFO  com.quizz.core.QuizDataInitializer.initializeQuizData(QuizDataInitializer.java:107) -   - Processed 550 questions...
2026-01-01 17:48:22.019 [main] INFO  com.quizz.core.QuizDataInitializer.initializeQuizData(QuizDataInitializer.java:107) -   - Processed 600 questions...
2026-01-01 17:48:22.037 [main] INFO  com.quizz.core.QuizDataInitializer.initializeQuizData(QuizDataInitializer.java:107) -   - Processed 650 questions...
2026-01-01 17:48:22.051 [main] INFO  com.quizz.core.QuizDataInitializer.initializeQuizData(QuizDataInitializer.java:107) -   - Processed 700 questions...
2026-01-01 17:48:22.062 [main] INFO  com.quizz.core.QuizDataInitializer.initializeQuizData(QuizDataInitializer.java:107) -   - Processed 750 questions...
2026-01-01 17:48:22.078 [main] INFO  com.quizz.core.QuizDataInitializer.initializeQuizData(QuizDataInitializer.java:107) -   - Processed 800 questions...
2026-01-01 17:48:22.093 [main] INFO  com.quizz.core.QuizDataInitializer.initializeQuizData(QuizDataInitializer.java:107) -   - Processed 850 questions...
2026-01-01 17:48:22.110 [main] INFO  com.quizz.core.QuizDataInitializer.initializeQuizData(QuizDataInitializer.java:107) -   - Processed 900 questions...
2026-01-01 17:48:22.119 [main] INFO  com.quizz.core.QuizDataInitializer.initializeQuizData(QuizDataInitializer.java:107) -   - Processed 950 questions...
2026-01-01 17:48:22.135 [main] INFO  com.quizz.core.QuizDataInitializer.initializeQuizData(QuizDataInitializer.java:107) -   - Processed 1000 questions...
2026-01-01 17:48:22.135 [main] INFO  com.quizz.core.QuizDataInitializer.initializeQuizData(QuizDataInitializer.java:111) - Quiz 'Famous Battles' initialized with 1000 questions
2026-01-01 17:48:22.135 [main] INFO  com.quizz.core.QuizDataInitializer.initializeQuizData(QuizDataInitializer.java:76) - Processing quiz #8: 'Famous French Quotes' with 1000 questions
2026-01-01 17:48:22.142 [main] INFO  com.quizz.core.QuizDataInitializer.initializeQuizData(QuizDataInitializer.java:83) - Quiz 'Famous French Quotes' saved with ID: 8
2026-01-01 17:48:22.159 [main] INFO  com.quizz.core.QuizDataInitializer.initializeQuizData(QuizDataInitializer.java:107) -   - Processed 50 questions...
2026-01-01 17:48:22.159 [main] INFO  com.quizz.core.QuizDataInitializer.initializeQuizData(QuizDataInitializer.java:107) -   - Processed 100 questions...
2026-01-01 17:48:22.174 [main] INFO  com.quizz.core.QuizDataInitializer.initializeQuizData(QuizDataInitializer.java:107) -   - Processed 150 questions...
2026-01-01 17:48:22.190 [main] INFO  com.quizz.core.QuizDataInitializer.initializeQuizData(QuizDataInitializer.java:107) -   - Processed 200 questions...
2026-01-01 17:48:22.209 [main] INFO  com.quizz.core.QuizDataInitializer.initializeQuizData(QuizDataInitializer.java:107) -   - Processed 250 questions...
2026-01-01 17:48:22.221 [main] INFO  com.quizz.core.QuizDataInitializer.initializeQuizData(QuizDataInitializer.java:107) -   - Processed 300 questions...
2026-01-01 17:48:22.246 [main] INFO  com.quizz.core.QuizDataInitializer.initializeQuizData(QuizDataInitializer.java:107) -   - Processed 350 questions...
2026-01-01 17:48:22.258 [main] INFO  com.quizz.core.QuizDataInitializer.initializeQuizData(QuizDataInitializer.java:107) -   - Processed 400 questions...
2026-01-01 17:48:22.269 [main] INFO  com.quizz.core.QuizDataInitializer.initializeQuizData(QuizDataInitializer.java:107) -   - Processed 450 questions...
2026-01-01 17:48:22.340 [main] INFO  com.quizz.core.QuizDataInitializer.initializeQuizData(QuizDataInitializer.java:107) -   - Processed 500 questions...
2026-01-01 17:48:22.364 [main] INFO  com.quizz.core.QuizDataInitializer.initializeQuizData(QuizDataInitializer.java:107) -   - Processed 550 questions...
2026-01-01 17:48:22.400 [main] INFO  com.quizz.core.QuizDataInitializer.initializeQuizData(QuizDataInitializer.java:107) -   - Processed 600 questions...
2026-01-01 17:48:22.459 [main] INFO  com.quizz.core.QuizDataInitializer.initializeQuizData(QuizDataInitializer.java:107) -   - Processed 650 questions...
2026-01-01 17:48:22.497 [main] INFO  com.quizz.core.QuizDataInitializer.initializeQuizData(QuizDataInitializer.java:107) -   - Processed 700 questions...
2026-01-01 17:48:22.524 [main] INFO  com.quizz.core.QuizDataInitializer.initializeQuizData(QuizDataInitializer.java:107) -   - Processed 750 questions...
2026-01-01 17:48:22.524 [main] INFO  com.quizz.core.QuizDataInitializer.initializeQuizData(QuizDataInitializer.java:107) -   - Processed 800 questions...
2026-01-01 17:48:22.545 [main] INFO  com.quizz.core.QuizDataInitializer.initializeQuizData(QuizDataInitializer.java:107) -   - Processed 850 questions...
2026-01-01 17:48:22.588 [main] INFO  com.quizz.core.QuizDataInitializer.initializeQuizData(QuizDataInitializer.java:107) -   - Processed 900 questions...
2026-01-01 17:48:22.635 [main] INFO  com.quizz.core.QuizDataInitializer.initializeQuizData(QuizDataInitializer.java:107) -   - Processed 950 questions...
2026-01-01 17:48:22.635 [main] INFO  com.quizz.core.QuizDataInitializer.initializeQuizData(QuizDataInitializer.java:107) -   - Processed 1000 questions...
2026-01-01 17:48:22.635 [main] INFO  com.quizz.core.QuizDataInitializer.initializeQuizData(QuizDataInitializer.java:111) - Quiz 'Famous French Quotes' initialized with 1000 questions
2026-01-01 17:48:22.635 [main] INFO  com.quizz.core.QuizDataInitializer.initializeQuizData(QuizDataInitializer.java:76) - Processing quiz #9: 'French History 1000' with 256 questions
2026-01-01 17:48:22.651 [main] INFO  com.quizz.core.QuizDataInitializer.initializeQuizData(QuizDataInitializer.java:83) - Quiz 'French History 1000' saved with ID: 9
2026-01-01 17:48:22.655 [main] INFO  com.quizz.core.QuizDataInitializer.initializeQuizData(QuizDataInitializer.java:107) -   - Processed 50 questions...
2026-01-01 17:48:22.679 [main] INFO  com.quizz.core.QuizDataInitializer.initializeQuizData(QuizDataInitializer.java:107) -   - Processed 100 questions...
2026-01-01 17:48:22.693 [main] INFO  com.quizz.core.QuizDataInitializer.initializeQuizData(QuizDataInitializer.java:107) -   - Processed 150 questions...
2026-01-01 17:48:22.706 [main] INFO  com.quizz.core.QuizDataInitializer.initializeQuizData(QuizDataInitializer.java:107) -   - Processed 200 questions...
2026-01-01 17:48:22.714 [main] INFO  com.quizz.core.QuizDataInitializer.initializeQuizData(QuizDataInitializer.java:107) -   - Processed 250 questions...
2026-01-01 17:48:22.714 [main] INFO  com.quizz.core.QuizDataInitializer.initializeQuizData(QuizDataInitializer.java:111) - Quiz 'French History 1000' initialized with 256 questions
2026-01-01 17:48:22.714 [main] INFO  com.quizz.core.QuizDataInitializer.initializeQuizData(QuizDataInitializer.java:76) - Processing quiz #10: 'Europe Quiz' with 145 questions
2026-01-01 17:48:22.714 [main] INFO  com.quizz.core.QuizDataInitializer.initializeQuizData(QuizDataInitializer.java:83) - Quiz 'Europe Quiz' saved with ID: 10
2026-01-01 17:48:22.731 [main] INFO  com.quizz.core.QuizDataInitializer.initializeQuizData(QuizDataInitializer.java:107) -   - Processed 50 questions...
2026-01-01 17:48:22.752 [main] INFO  com.quizz.core.QuizDataInitializer.initializeQuizData(QuizDataInitializer.java:107) -   - Processed 100 questions...
2026-01-01 17:48:22.768 [main] INFO  com.quizz.core.QuizDataInitializer.initializeQuizData(QuizDataInitializer.java:111) - Quiz 'Europe Quiz' initialized with 145 questions
2026-01-01 17:48:22.768 [main] INFO  com.quizz.core.QuizDataInitializer.initializeQuizData(QuizDataInitializer.java:76) - Processing quiz #11: 'Japan Quiz - Culture & Geography' with 1000 questions
2026-01-01 17:48:22.768 [main] INFO  com.quizz.core.QuizDataInitializer.initializeQuizData(QuizDataInitializer.java:83) - Quiz 'Japan Quiz - Culture & Geography' saved with ID: 11
2026-01-01 17:48:22.783 [main] INFO  com.quizz.core.QuizDataInitializer.initializeQuizData(QuizDataInitializer.java:107) -   - Processed 50 questions...
2026-01-01 17:48:22.799 [main] INFO  com.quizz.core.QuizDataInitializer.initializeQuizData(QuizDataInitializer.java:107) -   - Processed 100 questions...
2026-01-01 17:48:22.810 [main] INFO  com.quizz.core.QuizDataInitializer.initializeQuizData(QuizDataInitializer.java:107) -   - Processed 150 questions...
2026-01-01 17:48:22.828 [main] INFO  com.quizz.core.QuizDataInitializer.initializeQuizData(QuizDataInitializer.java:107) -   - Processed 200 questions...
2026-01-01 17:48:22.840 [main] INFO  com.quizz.core.QuizDataInitializer.initializeQuizData(QuizDataInitializer.java:107) -   - Processed 250 questions...
2026-01-01 17:48:22.842 [main] INFO  com.quizz.core.QuizDataInitializer.initializeQuizData(QuizDataInitializer.java:107) -   - Processed 300 questions...
2026-01-01 17:48:22.878 [main] INFO  com.quizz.core.QuizDataInitializer.initializeQuizData(QuizDataInitializer.java:107) -   - Processed 350 questions...
2026-01-01 17:48:22.894 [main] INFO  com.quizz.core.QuizDataInitializer.initializeQuizData(QuizDataInitializer.java:107) -   - Processed 400 questions...
2026-01-01 17:48:22.909 [main] INFO  com.quizz.core.QuizDataInitializer.initializeQuizData(QuizDataInitializer.java:107) -   - Processed 450 questions...
2026-01-01 17:48:22.924 [main] INFO  com.quizz.core.QuizDataInitializer.initializeQuizData(QuizDataInitializer.java:107) -   - Processed 500 questions...
2026-01-01 17:48:22.940 [main] INFO  com.quizz.core.QuizDataInitializer.initializeQuizData(QuizDataInitializer.java:107) -   - Processed 550 questions...
2026-01-01 17:48:22.957 [main] INFO  com.quizz.core.QuizDataInitializer.initializeQuizData(QuizDataInitializer.java:107) -   - Processed 600 questions...
2026-01-01 17:48:22.975 [main] INFO  com.quizz.core.QuizDataInitializer.initializeQuizData(QuizDataInitializer.java:107) -   - Processed 650 questions...
2026-01-01 17:48:22.992 [main] INFO  com.quizz.core.QuizDataInitializer.initializeQuizData(QuizDataInitializer.java:107) -   - Processed 700 questions...
2026-01-01 17:48:23.002 [main] INFO  com.quizz.core.QuizDataInitializer.initializeQuizData(QuizDataInitializer.java:107) -   - Processed 750 questions...
2026-01-01 17:48:23.026 [main] INFO  com.quizz.core.QuizDataInitializer.initializeQuizData(QuizDataInitializer.java:107) -   - Processed 800 questions...
2026-01-01 17:48:23.035 [main] INFO  com.quizz.core.QuizDataInitializer.initializeQuizData(QuizDataInitializer.java:107) -   - Processed 850 questions...
2026-01-01 17:48:23.048 [main] INFO  com.quizz.core.QuizDataInitializer.initializeQuizData(QuizDataInitializer.java:107) -   - Processed 900 questions...
2026-01-01 17:48:23.072 [main] INFO  com.quizz.core.QuizDataInitializer.initializeQuizData(QuizDataInitializer.java:107) -   - Processed 950 questions...
2026-01-01 17:48:23.084 [main] INFO  com.quizz.core.QuizDataInitializer.initializeQuizData(QuizDataInitializer.java:107) -   - Processed 1000 questions...
2026-01-01 17:48:23.084 [main] INFO  com.quizz.core.QuizDataInitializer.initializeQuizData(QuizDataInitializer.java:111) - Quiz 'Japan Quiz - Culture & Geography' initialized with 1000 questions
2026-01-01 17:48:23.084 [main] INFO  com.quizz.core.QuizDataInitializer.initializeQuizData(QuizDataInitializer.java:76) - Processing quiz #12: 'World Cities - Latitude & Longitude' with 50 questions
2026-01-01 17:48:23.086 [main] INFO  com.quizz.core.QuizDataInitializer.initializeQuizData(QuizDataInitializer.java:83) - Quiz 'World Cities - Latitude & Longitude' saved with ID: 12
2026-01-01 17:48:23.098 [main] INFO  com.quizz.core.QuizDataInitializer.initializeQuizData(QuizDataInitializer.java:107) -   - Processed 50 questions...
2026-01-01 17:48:23.098 [main] INFO  com.quizz.core.QuizDataInitializer.initializeQuizData(QuizDataInitializer.java:111) - Quiz 'World Cities - Latitude & Longitude' initialized with 50 questions
2026-01-01 17:48:23.098 [main] INFO  com.quizz.core.QuizDataInitializer.initializeQuizData(QuizDataInitializer.java:76) - Processing quiz #13: 'Periodic Table of Elements - Complete' with 472 questions
2026-01-01 17:48:23.098 [main] INFO  com.quizz.core.QuizDataInitializer.initializeQuizData(QuizDataInitializer.java:83) - Quiz 'Periodic Table of Elements - Complete' saved with ID: 13
2026-01-01 17:48:23.111 [main] INFO  com.quizz.core.QuizDataInitializer.initializeQuizData(QuizDataInitializer.java:107) -   - Processed 50 questions...
2026-01-01 17:48:23.125 [main] INFO  com.quizz.core.QuizDataInitializer.initializeQuizData(QuizDataInitializer.java:107) -   - Processed 100 questions...
2026-01-01 17:48:23.152 [main] INFO  com.quizz.core.QuizDataInitializer.initializeQuizData(QuizDataInitializer.java:107) -   - Processed 150 questions...
2026-01-01 17:48:23.163 [main] INFO  com.quizz.core.QuizDataInitializer.initializeQuizData(QuizDataInitializer.java:107) -   - Processed 200 questions...
2026-01-01 17:48:23.182 [main] INFO  com.quizz.core.QuizDataInitializer.initializeQuizData(QuizDataInitializer.java:107) -   - Processed 250 questions...
2026-01-01 17:48:23.204 [main] INFO  com.quizz.core.QuizDataInitializer.initializeQuizData(QuizDataInitializer.java:107) -   - Processed 300 questions...
2026-01-01 17:48:23.221 [main] INFO  com.quizz.core.QuizDataInitializer.initializeQuizData(QuizDataInitializer.java:107) -   - Processed 350 questions...
2026-01-01 17:48:23.226 [main] INFO  com.quizz.core.QuizDataInitializer.initializeQuizData(QuizDataInitializer.java:107) -   - Processed 400 questions...
2026-01-01 17:48:23.240 [main] INFO  com.quizz.core.QuizDataInitializer.initializeQuizData(QuizDataInitializer.java:107) -   - Processed 450 questions...
2026-01-01 17:48:23.253 [main] INFO  com.quizz.core.QuizDataInitializer.initializeQuizData(QuizDataInitializer.java:111) - Quiz 'Periodic Table of Elements - Complete' initialized with 472 questions
2026-01-01 17:48:23.253 [main] INFO  com.quizz.core.QuizDataInitializer.initializeQuizData(QuizDataInitializer.java:76) - Processing quiz #14: 'Mythology Quiz' with 100 questions
2026-01-01 17:48:23.253 [main] INFO  com.quizz.core.QuizDataInitializer.initializeQuizData(QuizDataInitializer.java:83) - Quiz 'Mythology Quiz' saved with ID: 14
2026-01-01 17:48:23.269 [main] INFO  com.quizz.core.QuizDataInitializer.initializeQuizData(QuizDataInitializer.java:107) -   - Processed 50 questions...
2026-01-01 17:48:23.287 [main] INFO  com.quizz.core.QuizDataInitializer.initializeQuizData(QuizDataInitializer.java:107) -   - Processed 100 questions...
2026-01-01 17:48:23.287 [main] INFO  com.quizz.core.QuizDataInitializer.initializeQuizData(QuizDataInitializer.java:111) - Quiz 'Mythology Quiz' initialized with 100 questions
2026-01-01 17:48:23.287 [main] INFO  com.quizz.core.QuizDataInitializer.initializeQuizData(QuizDataInitializer.java:76) - Processing quiz #15: 'Greek Mythology - Complete' with 533 questions
2026-01-01 17:48:23.287 [main] INFO  com.quizz.core.QuizDataInitializer.initializeQuizData(QuizDataInitializer.java:83) - Quiz 'Greek Mythology - Complete' saved with ID: 15
2026-01-01 17:48:23.289 [main] INFO  com.quizz.core.QuizDataInitializer.initializeQuizData(QuizDataInitializer.java:107) -   - Processed 50 questions...
2026-01-01 17:48:23.314 [main] INFO  com.quizz.core.QuizDataInitializer.initializeQuizData(QuizDataInitializer.java:107) -   - Processed 100 questions...
2026-01-01 17:48:23.327 [main] INFO  com.quizz.core.QuizDataInitializer.initializeQuizData(QuizDataInitializer.java:107) -   - Processed 150 questions...
2026-01-01 17:48:23.332 [main] INFO  com.quizz.core.QuizDataInitializer.initializeQuizData(QuizDataInitializer.java:107) -   - Processed 200 questions...
2026-01-01 17:48:23.351 [main] INFO  com.quizz.core.QuizDataInitializer.initializeQuizData(QuizDataInitializer.java:107) -   - Processed 250 questions...
2026-01-01 17:48:23.353 [main] INFO  com.quizz.core.QuizDataInitializer.initializeQuizData(QuizDataInitializer.java:107) -   - Processed 300 questions...
2026-01-01 17:48:23.381 [main] INFO  com.quizz.core.QuizDataInitializer.initializeQuizData(QuizDataInitializer.java:107) -   - Processed 350 questions...
2026-01-01 17:48:23.437 [main] INFO  com.quizz.core.QuizDataInitializer.initializeQuizData(QuizDataInitializer.java:107) -   - Processed 400 questions...
2026-01-01 17:48:23.451 [main] INFO  com.quizz.core.QuizDataInitializer.initializeQuizData(QuizDataInitializer.java:107) -   - Processed 450 questions...
2026-01-01 17:48:23.477 [main] INFO  com.quizz.core.QuizDataInitializer.initializeQuizData(QuizDataInitializer.java:107) -   - Processed 500 questions...
2026-01-01 17:48:23.487 [main] INFO  com.quizz.core.QuizDataInitializer.initializeQuizData(QuizDataInitializer.java:111) - Quiz 'Greek Mythology - Complete' initialized with 533 questions
2026-01-01 17:48:23.487 [main] INFO  com.quizz.core.QuizDataInitializer.initializeQuizData(QuizDataInitializer.java:76) - Processing quiz #16: 'Game of Thrones - Complete' with 138 questions
2026-01-01 17:48:23.487 [main] INFO  com.quizz.core.QuizDataInitializer.initializeQuizData(QuizDataInitializer.java:83) - Quiz 'Game of Thrones - Complete' saved with ID: 16
2026-01-01 17:48:23.493 [main] INFO  com.quizz.core.QuizDataInitializer.initializeQuizData(QuizDataInitializer.java:107) -   - Processed 50 questions...
2026-01-01 17:48:23.516 [main] INFO  com.quizz.core.QuizDataInitializer.initializeQuizData(QuizDataInitializer.java:107) -   - Processed 100 questions...
2026-01-01 17:48:23.527 [main] INFO  com.quizz.core.QuizDataInitializer.initializeQuizData(QuizDataInitializer.java:111) - Quiz 'Game of Thrones - Complete' initialized with 138 questions
2026-01-01 17:48:23.527 [main] INFO  com.quizz.core.QuizDataInitializer.initializeQuizData(QuizDataInitializer.java:76) - Processing quiz #17: 'Famous Manga Series' with 1000 questions
2026-01-01 17:48:23.527 [main] INFO  com.quizz.core.QuizDataInitializer.initializeQuizData(QuizDataInitializer.java:83) - Quiz 'Famous Manga Series' saved with ID: 17
2026-01-01 17:48:23.529 [main] INFO  com.quizz.core.QuizDataInitializer.initializeQuizData(QuizDataInitializer.java:107) -   - Processed 50 questions...
2026-01-01 17:48:23.529 [main] INFO  com.quizz.core.QuizDataInitializer.initializeQuizData(QuizDataInitializer.java:107) -   - Processed 100 questions...
2026-01-01 17:48:23.543 [main] INFO  com.quizz.core.QuizDataInitializer.initializeQuizData(QuizDataInitializer.java:107) -   - Processed 150 questions...
2026-01-01 17:48:23.543 [main] INFO  com.quizz.core.QuizDataInitializer.initializeQuizData(QuizDataInitializer.java:107) -   - Processed 200 questions...
2026-01-01 17:48:23.557 [main] INFO  com.quizz.core.QuizDataInitializer.initializeQuizData(QuizDataInitializer.java:107) -   - Processed 250 questions...
2026-01-01 17:48:23.557 [main] INFO  com.quizz.core.QuizDataInitializer.initializeQuizData(QuizDataInitializer.java:107) -   - Processed 300 questions...
2026-01-01 17:48:23.557 [main] INFO  com.quizz.core.QuizDataInitializer.initializeQuizData(QuizDataInitializer.java:107) -   - Processed 350 questions...
2026-01-01 17:48:23.574 [main] INFO  com.quizz.core.QuizDataInitializer.initializeQuizData(QuizDataInitializer.java:107) -   - Processed 400 questions...
2026-01-01 17:48:23.577 [main] INFO  com.quizz.core.QuizDataInitializer.initializeQuizData(QuizDataInitializer.java:107) -   - Processed 450 questions...
2026-01-01 17:48:23.577 [main] INFO  com.quizz.core.QuizDataInitializer.initializeQuizData(QuizDataInitializer.java:107) -   - Processed 500 questions...
2026-01-01 17:48:23.589 [main] INFO  com.quizz.core.QuizDataInitializer.initializeQuizData(QuizDataInitializer.java:107) -   - Processed 550 questions...
2026-01-01 17:48:23.597 [main] INFO  com.quizz.core.QuizDataInitializer.initializeQuizData(QuizDataInitializer.java:107) -   - Processed 600 questions...
2026-01-01 17:48:23.608 [main] INFO  com.quizz.core.QuizDataInitializer.initializeQuizData(QuizDataInitializer.java:107) -   - Processed 650 questions...
2026-01-01 17:48:23.636 [main] INFO  com.quizz.core.QuizDataInitializer.initializeQuizData(QuizDataInitializer.java:107) -   - Processed 700 questions...
2026-01-01 17:48:23.660 [main] INFO  com.quizz.core.QuizDataInitializer.initializeQuizData(QuizDataInitializer.java:107) -   - Processed 750 questions...
2026-01-01 17:48:23.668 [main] INFO  com.quizz.core.QuizDataInitializer.initializeQuizData(QuizDataInitializer.java:107) -   - Processed 800 questions...
2026-01-01 17:48:23.693 [main] INFO  com.quizz.core.QuizDataInitializer.initializeQuizData(QuizDataInitializer.java:107) -   - Processed 850 questions...
2026-01-01 17:48:23.716 [main] INFO  com.quizz.core.QuizDataInitializer.initializeQuizData(QuizDataInitializer.java:107) -   - Processed 900 questions...
2026-01-01 17:48:23.754 [main] INFO  com.quizz.core.QuizDataInitializer.initializeQuizData(QuizDataInitializer.java:107) -   - Processed 950 questions...
2026-01-01 17:48:23.754 [main] INFO  com.quizz.core.QuizDataInitializer.initializeQuizData(QuizDataInitializer.java:107) -   - Processed 1000 questions...
2026-01-01 17:48:23.754 [main] INFO  com.quizz.core.QuizDataInitializer.initializeQuizData(QuizDataInitializer.java:111) - Quiz 'Famous Manga Series' initialized with 1000 questions
2026-01-01 17:48:23.754 [main] INFO  com.quizz.core.QuizDataInitializer.initializeQuizData(QuizDataInitializer.java:76) - Processing quiz #18: 'Disney Animation Movies' with 1000 questions
2026-01-01 17:48:23.754 [main] INFO  com.quizz.core.QuizDataInitializer.initializeQuizData(QuizDataInitializer.java:83) - Quiz 'Disney Animation Movies' saved with ID: 18
2026-01-01 17:48:23.778 [main] INFO  com.quizz.core.QuizDataInitializer.initializeQuizData(QuizDataInitializer.java:107) -   - Processed 50 questions...
2026-01-01 17:48:23.785 [main] INFO  com.quizz.core.QuizDataInitializer.initializeQuizData(QuizDataInitializer.java:107) -   - Processed 100 questions...
2026-01-01 17:48:23.785 [main] INFO  com.quizz.core.QuizDataInitializer.initializeQuizData(QuizDataInitializer.java:107) -   - Processed 150 questions...
2026-01-01 17:48:23.785 [main] INFO  com.quizz.core.QuizDataInitializer.initializeQuizData(QuizDataInitializer.java:107) -   - Processed 200 questions...
2026-01-01 17:48:23.817 [main] INFO  com.quizz.core.QuizDataInitializer.initializeQuizData(QuizDataInitializer.java:107) -   - Processed 250 questions...
2026-01-01 17:48:23.835 [main] INFO  com.quizz.core.QuizDataInitializer.initializeQuizData(QuizDataInitializer.java:107) -   - Processed 300 questions...
2026-01-01 17:48:23.835 [main] INFO  com.quizz.core.QuizDataInitializer.initializeQuizData(QuizDataInitializer.java:107) -   - Processed 350 questions...
2026-01-01 17:48:23.849 [main] INFO  com.quizz.core.QuizDataInitializer.initializeQuizData(QuizDataInitializer.java:107) -   - Processed 400 questions...
2026-01-01 17:48:23.864 [main] INFO  com.quizz.core.QuizDataInitializer.initializeQuizData(QuizDataInitializer.java:107) -   - Processed 450 questions...
2026-01-01 17:48:23.874 [main] INFO  com.quizz.core.QuizDataInitializer.initializeQuizData(QuizDataInitializer.java:107) -   - Processed 500 questions...
2026-01-01 17:48:23.882 [main] INFO  com.quizz.core.QuizDataInitializer.initializeQuizData(QuizDataInitializer.java:107) -   - Processed 550 questions...
2026-01-01 17:48:23.890 [main] INFO  com.quizz.core.QuizDataInitializer.initializeQuizData(QuizDataInitializer.java:107) -   - Processed 600 questions...
2026-01-01 17:48:23.898 [main] INFO  com.quizz.core.QuizDataInitializer.initializeQuizData(QuizDataInitializer.java:107) -   - Processed 650 questions...
2026-01-01 17:48:23.906 [main] INFO  com.quizz.core.QuizDataInitializer.initializeQuizData(QuizDataInitializer.java:107) -   - Processed 700 questions...
2026-01-01 17:48:23.914 [main] INFO  com.quizz.core.QuizDataInitializer.initializeQuizData(QuizDataInitializer.java:107) -   - Processed 750 questions...
2026-01-01 17:48:23.922 [main] INFO  com.quizz.core.QuizDataInitializer.initializeQuizData(QuizDataInitializer.java:107) -   - Processed 800 questions...
2026-01-01 17:48:23.932 [main] INFO  com.quizz.core.QuizDataInitializer.initializeQuizData(QuizDataInitializer.java:107) -   - Processed 850 questions...
2026-01-01 17:48:23.957 [main] INFO  com.quizz.core.QuizDataInitializer.initializeQuizData(QuizDataInitializer.java:107) -   - Processed 900 questions...
2026-01-01 17:48:23.960 [main] INFO  com.quizz.core.QuizDataInitializer.initializeQuizData(QuizDataInitializer.java:107) -   - Processed 950 questions...
2026-01-01 17:48:23.960 [main] INFO  com.quizz.core.QuizDataInitializer.initializeQuizData(QuizDataInitializer.java:107) -   - Processed 1000 questions...
2026-01-01 17:48:23.960 [main] INFO  com.quizz.core.QuizDataInitializer.initializeQuizData(QuizDataInitializer.java:111) - Quiz 'Disney Animation Movies' initialized with 1000 questions
2026-01-01 17:48:23.960 [main] INFO  com.quizz.core.QuizDataInitializer.initializeQuizData(QuizDataInitializer.java:76) - Processing quiz #19: 'Harry Potter' with 1000 questions
2026-01-01 17:48:23.960 [main] INFO  com.quizz.core.QuizDataInitializer.initializeQuizData(QuizDataInitializer.java:83) - Quiz 'Harry Potter' saved with ID: 19
2026-01-01 17:48:23.988 [main] INFO  com.quizz.core.QuizDataInitializer.initializeQuizData(QuizDataInitializer.java:107) -   - Processed 50 questions...
2026-01-01 17:48:24.006 [main] INFO  com.quizz.core.QuizDataInitializer.initializeQuizData(QuizDataInitializer.java:107) -   - Processed 100 questions...
2026-01-01 17:48:24.039 [main] INFO  com.quizz.core.QuizDataInitializer.initializeQuizData(QuizDataInitializer.java:107) -   - Processed 150 questions...
2026-01-01 17:48:24.056 [main] INFO  com.quizz.core.QuizDataInitializer.initializeQuizData(QuizDataInitializer.java:107) -   - Processed 200 questions...
2026-01-01 17:48:24.073 [main] INFO  com.quizz.core.QuizDataInitializer.initializeQuizData(QuizDataInitializer.java:107) -   - Processed 250 questions...
2026-01-01 17:48:24.134 [main] INFO  com.quizz.core.QuizDataInitializer.initializeQuizData(QuizDataInitializer.java:107) -   - Processed 300 questions...
2026-01-01 17:48:24.150 [main] INFO  com.quizz.core.QuizDataInitializer.initializeQuizData(QuizDataInitializer.java:107) -   - Processed 350 questions...
2026-01-01 17:48:24.169 [main] INFO  com.quizz.core.QuizDataInitializer.initializeQuizData(QuizDataInitializer.java:107) -   - Processed 400 questions...
2026-01-01 17:48:24.183 [main] INFO  com.quizz.core.QuizDataInitializer.initializeQuizData(QuizDataInitializer.java:107) -   - Processed 450 questions...
2026-01-01 17:48:24.197 [main] INFO  com.quizz.core.QuizDataInitializer.initializeQuizData(QuizDataInitializer.java:107) -   - Processed 500 questions...
2026-01-01 17:48:24.213 [main] INFO  com.quizz.core.QuizDataInitializer.initializeQuizData(QuizDataInitializer.java:107) -   - Processed 550 questions...
2026-01-01 17:48:24.229 [main] INFO  com.quizz.core.QuizDataInitializer.initializeQuizData(QuizDataInitializer.java:107) -   - Processed 600 questions...
2026-01-01 17:48:24.247 [main] INFO  com.quizz.core.QuizDataInitializer.initializeQuizData(QuizDataInitializer.java:107) -   - Processed 650 questions...
2026-01-01 17:48:24.266 [main] INFO  com.quizz.core.QuizDataInitializer.initializeQuizData(QuizDataInitializer.java:107) -   - Processed 700 questions...
2026-01-01 17:48:24.278 [main] INFO  com.quizz.core.QuizDataInitializer.initializeQuizData(QuizDataInitializer.java:107) -   - Processed 750 questions...
2026-01-01 17:48:24.307 [main] INFO  com.quizz.core.QuizDataInitializer.initializeQuizData(QuizDataInitializer.java:107) -   - Processed 800 questions...
2026-01-01 17:48:24.323 [main] INFO  com.quizz.core.QuizDataInitializer.initializeQuizData(QuizDataInitializer.java:107) -   - Processed 850 questions...
2026-01-01 17:48:24.339 [main] INFO  com.quizz.core.QuizDataInitializer.initializeQuizData(QuizDataInitializer.java:107) -   - Processed 900 questions...
2026-01-01 17:48:24.355 [main] INFO  com.quizz.core.QuizDataInitializer.initializeQuizData(QuizDataInitializer.java:107) -   - Processed 950 questions...
2026-01-01 17:48:24.373 [main] INFO  com.quizz.core.QuizDataInitializer.initializeQuizData(QuizDataInitializer.java:107) -   - Processed 1000 questions...
2026-01-01 17:48:24.373 [main] INFO  com.quizz.core.QuizDataInitializer.initializeQuizData(QuizDataInitializer.java:111) - Quiz 'Harry Potter' initialized with 1000 questions
2026-01-01 17:48:24.373 [main] INFO  com.quizz.core.QuizDataInitializer.initializeQuizData(QuizDataInitializer.java:76) - Processing quiz #20: 'Classical Music Composers' with 340 questions
2026-01-01 17:48:24.373 [main] INFO  com.quizz.core.QuizDataInitializer.initializeQuizData(QuizDataInitializer.java:83) - Quiz 'Classical Music Composers' saved with ID: 20
2026-01-01 17:48:24.378 [main] INFO  com.quizz.core.QuizDataInitializer.initializeQuizData(QuizDataInitializer.java:107) -   - Processed 50 questions...
2026-01-01 17:48:24.378 [main] INFO  com.quizz.core.QuizDataInitializer.initializeQuizData(QuizDataInitializer.java:107) -   - Processed 100 questions...
2026-01-01 17:48:24.387 [main] INFO  com.quizz.core.QuizDataInitializer.initializeQuizData(QuizDataInitializer.java:107) -   - Processed 150 questions...
2026-01-01 17:48:24.387 [main] INFO  com.quizz.core.QuizDataInitializer.initializeQuizData(QuizDataInitializer.java:107) -   - Processed 200 questions...
2026-01-01 17:48:24.403 [main] INFO  com.quizz.core.QuizDataInitializer.initializeQuizData(QuizDataInitializer.java:107) -   - Processed 250 questions...
2026-01-01 17:48:24.403 [main] INFO  com.quizz.core.QuizDataInitializer.initializeQuizData(QuizDataInitializer.java:107) -   - Processed 300 questions...
2026-01-01 17:48:24.403 [main] INFO  com.quizz.core.QuizDataInitializer.initializeQuizData(QuizDataInitializer.java:111) - Quiz 'Classical Music Composers' initialized with 340 questions
2026-01-01 17:48:24.403 [main] INFO  com.quizz.core.QuizDataInitializer.initializeQuizData(QuizDataInitializer.java:114) - === ALL QUIZ DATA INITIALIZED SUCCESSFULLY ===
2026-01-01 17:48:24.403 [main] INFO  com.quizz.core.QuizDataInitializer.initializeQuizData(QuizDataInitializer.java:115) - Total quizzes loaded: 20
2026-01-01 17:48:24.403 [main] INFO  com.quizz.core.QuizDataInitializer.init(QuizDataInitializer.java:51) - === QuizDataInitializer: Initialization check completed ===
2026-01-01 17:48:24.799 [main] WARN  o.s.b.a.o.j.JpaBaseConfiguration$JpaWebConfiguration.openEntityManagerInViewInterceptor(JpaBaseConfiguration.java:258) - spring.jpa.open-in-view is enabled by default. Therefore, database queries may be performed during view rendering. Explicitly configure spring.jpa.open-in-view to disable this warning
2026-01-01 17:48:25.291 [main] INFO  o.a.coyote.http11.Http11NioProtocol.log(DirectJDKLog.java:168) - Starting ProtocolHandler ["https-jsse-nio-0.0.0.0-8443"]
2026-01-01 17:48:25.481 [main] INFO  o.a.t.u.net.NioEndpoint.certificate.log(DirectJDKLog.java:168) - Connector [https-jsse-nio-0.0.0.0-8443], TLS virtual host [_default_], certificate type [UNDEFINED] configured from keystore [C:\Users\athom\.keystore] using alias [quiz-app] with trust store [null]
2026-01-01 17:48:27.675 [https-jsse-nio-0.0.0.0-8443-exec-8] INFO  o.a.c.c.C.[Tomcat].[localhost].[/].log(DirectJDKLog.java:168) - Initializing Spring DispatcherServlet 'dispatcherServlet'
2026-01-01 17:48:27.676 [https-jsse-nio-0.0.0.0-8443-exec-8] INFO  o.s.web.servlet.DispatcherServlet.initServletBean(FrameworkServlet.java:532) - Initializing Servlet 'dispatcherServlet'
2026-01-01 17:48:27.677 [https-jsse-nio-0.0.0.0-8443-exec-8] INFO  o.s.web.servlet.DispatcherServlet.initServletBean(FrameworkServlet.java:554) - Completed initialization in 1 ms
2026-01-01 17:48:27.753 [https-jsse-nio-0.0.0.0-8443-exec-9] INFO  c.v.f.s.DefaultDeploymentConfiguration.logMessages(DefaultDeploymentConfiguration.java:166) - Vaadin is running in production mode.
2026-01-01 17:48:27.782 [https-jsse-nio-0.0.0.0-8443-exec-9] INFO  c.v.flow.spring.SpringInstantiator.getI18NProvider(SpringInstantiator.java:101) - The number of beans implementing 'I18NProvider' is 0. Cannot use Spring beans for I18N, falling back to the default behavior
2026-01-01 17:48:29.213 [https-jsse-nio-0.0.0.0-8443-exec-4] WARN  c.q.core.service.TranslationService.translate(TranslationService.java:27) - Translation key 'Question Logs' not found for locale fr_FR, falling back to English
2026-01-01 17:48:29.213 [https-jsse-nio-0.0.0.0-8443-exec-4] ERROR c.q.core.service.TranslationService.translate(TranslationService.java:33) - Translation key 'Question Logs' not found even in English fallback
2026-01-01 17:48:29.940 [main] INFO  o.s.b.w.e.tomcat.TomcatWebServer.start(TomcatWebServer.java:243) - Tomcat started on port 8443 (https) with context path '/'
2026-01-01 17:48:29.940 [main] INFO  com.quizz.Application.logStarted(StartupInfoLogger.java:59) - Started Application in 14.635 seconds (process running for 14.979)
2026-01-01 17:48:30.362 [main] INFO  com.quizz.core.DataInitializer.createAdminUser(DataInitializer.java:54) - Default admin user created: administrateur@quiz.admin / quizz2025!!
2026-01-01 17:48:32.188 [main] INFO  com.quizz.core.DataInitializer.createPublicUsers(DataInitializer.java:203) - Created 20 public users...
2026-01-01 17:48:34.274 [main] INFO  com.quizz.core.DataInitializer.createPublicUsers(DataInitializer.java:203) - Created 40 public users...
2026-01-01 17:48:36.049 [main] INFO  com.quizz.core.DataInitializer.createPublicUsers(DataInitializer.java:203) - Created 60 public users...
2026-01-01 17:48:38.370 [main] INFO  com.quizz.core.DataInitializer.createPublicUsers(DataInitializer.java:203) - Created 80 public users...
2026-01-01 17:48:40.146 [main] INFO  com.quizz.core.DataInitializer.createPublicUsers(DataInitializer.java:210) - Public users initialization complete: 99 created, 0 skipped (already exist)
2026-01-01 17:48:40.507 [https-jsse-nio-0.0.0.0-8443-exec-4] WARN  c.q.core.service.TranslationService.translate(TranslationService.java:27) - Translation key 'Question Logs' not found for locale fr_FR, falling back to English
2026-01-01 17:48:40.507 [https-jsse-nio-0.0.0.0-8443-exec-4] ERROR c.q.core.service.TranslationService.translate(TranslationService.java:33) - Translation key 'Question Logs' not found even in English fallback
2026-01-01 17:48:40.550 [https-jsse-nio-0.0.0.0-8443-exec-4] INFO  com.quizz.core.ui.QuizListView.<init>(QuizListView.java:56) - === QuizListView Constructor: Starting ===
2026-01-01 17:48:40.550 [https-jsse-nio-0.0.0.0-8443-exec-4] INFO  com.quizz.core.ui.QuizListView.<init>(QuizListView.java:62) - Services injected successfully
2026-01-01 17:48:40.574 [https-jsse-nio-0.0.0.0-8443-exec-4] INFO  com.quizz.core.ui.QuizListView.<init>(QuizListView.java:122) - UI components created, about to load quiz cards...
2026-01-01 17:48:40.574 [https-jsse-nio-0.0.0.0-8443-exec-4] INFO  com.quizz.core.ui.QuizListView.loadQuizCards(QuizListView.java:246) - === QuizListView: Loading Quiz Cards ===
2026-01-01 17:48:40.574 [https-jsse-nio-0.0.0.0-8443-exec-4] INFO  com.quizz.core.ui.QuizListView.loadQuizCards(QuizListView.java:247) - Number of quizzes retrieved: 20
2026-01-01 17:48:40.574 [https-jsse-nio-0.0.0.0-8443-exec-4] INFO  com.quizz.core.ui.QuizListView.loadQuizCards(QuizListView.java:258) - Creating card for quiz: General Knowledge (ID: 1)
2026-01-01 17:48:40.582 [https-jsse-nio-0.0.0.0-8443-exec-4] INFO  com.quizz.core.ui.QuizListView.loadQuizCards(QuizListView.java:258) - Creating card for quiz: Physics (ID: 2)
2026-01-01 17:48:40.582 [https-jsse-nio-0.0.0.0-8443-exec-4] INFO  com.quizz.core.ui.QuizListView.loadQuizCards(QuizListView.java:258) - Creating card for quiz: US Civil War (ID: 3)
2026-01-01 17:48:40.591 [https-jsse-nio-0.0.0.0-8443-exec-4] INFO  com.quizz.core.ui.QuizListView.loadQuizCards(QuizListView.java:258) - Creating card for quiz: Painting (ID: 4)
2026-01-01 17:48:40.591 [https-jsse-nio-0.0.0.0-8443-exec-4] INFO  com.quizz.core.ui.QuizListView.loadQuizCards(QuizListView.java:258) - Creating card for quiz: French Revolution (ID: 5)
2026-01-01 17:48:40.591 [https-jsse-nio-0.0.0.0-8443-exec-4] INFO  com.quizz.core.ui.QuizListView.loadQuizCards(QuizListView.java:258) - Creating card for quiz: French Literature (ID: 6)
2026-01-01 17:48:40.591 [https-jsse-nio-0.0.0.0-8443-exec-4] INFO  com.quizz.core.ui.QuizListView.loadQuizCards(QuizListView.java:258) - Creating card for quiz: Famous Battles (ID: 7)
2026-01-01 17:48:40.591 [https-jsse-nio-0.0.0.0-8443-exec-4] INFO  com.quizz.core.ui.QuizListView.loadQuizCards(QuizListView.java:258) - Creating card for quiz: Famous French Quotes (ID: 8)
2026-01-01 17:48:40.591 [https-jsse-nio-0.0.0.0-8443-exec-4] INFO  com.quizz.core.ui.QuizListView.loadQuizCards(QuizListView.java:258) - Creating card for quiz: French History 1000 (ID: 9)
2026-01-01 17:48:40.591 [https-jsse-nio-0.0.0.0-8443-exec-4] INFO  com.quizz.core.ui.QuizListView.loadQuizCards(QuizListView.java:258) - Creating card for quiz: Europe Quiz (ID: 10)
2026-01-01 17:48:40.595 [https-jsse-nio-0.0.0.0-8443-exec-4] INFO  com.quizz.core.ui.QuizListView.loadQuizCards(QuizListView.java:258) - Creating card for quiz: Japan Quiz - Culture & Geography (ID: 11)
2026-01-01 17:48:40.595 [https-jsse-nio-0.0.0.0-8443-exec-4] INFO  com.quizz.core.ui.QuizListView.loadQuizCards(QuizListView.java:258) - Creating card for quiz: World Cities - Latitude & Longitude (ID: 12)
2026-01-01 17:48:40.595 [https-jsse-nio-0.0.0.0-8443-exec-4] INFO  com.quizz.core.ui.QuizListView.loadQuizCards(QuizListView.java:258) - Creating card for quiz: Periodic Table of Elements - Complete (ID: 13)
2026-01-01 17:48:40.595 [https-jsse-nio-0.0.0.0-8443-exec-4] INFO  com.quizz.core.ui.QuizListView.loadQuizCards(QuizListView.java:258) - Creating card for quiz: Mythology Quiz (ID: 14)
2026-01-01 17:48:40.595 [https-jsse-nio-0.0.0.0-8443-exec-4] INFO  com.quizz.core.ui.QuizListView.loadQuizCards(QuizListView.java:258) - Creating card for quiz: Greek Mythology - Complete (ID: 15)
2026-01-01 17:48:40.600 [https-jsse-nio-0.0.0.0-8443-exec-4] INFO  com.quizz.core.ui.QuizListView.loadQuizCards(QuizListView.java:258) - Creating card for quiz: Game of Thrones - Complete (ID: 16)
2026-01-01 17:48:40.600 [https-jsse-nio-0.0.0.0-8443-exec-4] INFO  com.quizz.core.ui.QuizListView.loadQuizCards(QuizListView.java:258) - Creating card for quiz: Famous Manga Series (ID: 17)
2026-01-01 17:48:40.600 [https-jsse-nio-0.0.0.0-8443-exec-4] INFO  com.quizz.core.ui.QuizListView.loadQuizCards(QuizListView.java:258) - Creating card for quiz: Disney Animation Movies (ID: 18)
2026-01-01 17:48:40.600 [https-jsse-nio-0.0.0.0-8443-exec-4] INFO  com.quizz.core.ui.QuizListView.loadQuizCards(QuizListView.java:258) - Creating card for quiz: Harry Potter (ID: 19)
2026-01-01 17:48:40.600 [https-jsse-nio-0.0.0.0-8443-exec-4] INFO  com.quizz.core.ui.QuizListView.loadQuizCards(QuizListView.java:258) - Creating card for quiz: Classical Music Composers (ID: 20)
2026-01-01 17:48:40.600 [https-jsse-nio-0.0.0.0-8443-exec-4] INFO  com.quizz.core.ui.QuizListView.loadQuizCards(QuizListView.java:263) - === Quiz Cards Loading Completed ===
2026-01-01 17:48:40.600 [https-jsse-nio-0.0.0.0-8443-exec-4] INFO  com.quizz.core.ui.QuizListView.<init>(QuizListView.java:126) - Quiz cards loaded
2026-01-01 17:48:40.600 [https-jsse-nio-0.0.0.0-8443-exec-4] INFO  com.quizz.core.ui.QuizListView.<init>(QuizListView.java:131) - === QuizListView Constructor: Completed ===
